date,account_id,currency,balance,inflow,outflow
2025-08-14,ACC-003,COP,2987754672.78,106176633.39,104803833.71
2025-05-06,ACC-006,USD,148343.19,1906.44,6631.36
2025-08-30,ACC-001,COP,2422127448.26,35064305.57,67044824.4
22/05/2025,ACC-001,COP,2596890597.82,136774255.65,111506890.94
2025-07-03,ACC-005,Mexican Peso,136815700.26,4004621.54,3866024.29
09-18-2025,ACC-002,USD,79622.92,2219.77,5035.43
2025-01-12,ACC-002,USD,173106.62,2225.36,0.0
04-09-2025,ACC-005,MXN,162803746.66,5147697.81,5758720.55
2025-07-20,ACC-005,MXN,126303171.84,1964436.29,1670961.85
2025-03-11,ACC-003,COP,3879181721.56,71962922.74,180439783.49
2025-07-03,ACC-006,USD,130373.01,4433.54,5046.74
25/08/2025,ACC-002,USD,110540.6,2165.88,0.0
2025-05-27,ACC-001,cop,2684734214.71,168080504.63,0.0
2025-08-26,ACC-004,mxn,20743860.64,697006.3,1178891.99
10/06/2025,ACC-004,MXN,25044677.01,0.0,904182.99
06-19-2025,ACC-005,Mexican Peso,136278328.42,,6161683.48
2025-05-24,ACC-004,MXN,31119676.91,405378.81,538156.96
2025-08-28,ACC-006,USD,150692.46,5928.17,5671.48
08-30-2025,ACC-006,USD,148522.06,199.92,3223.96
2025-02-27,ACC-003,cop,3798140486.18,187818174.98,196447784.58
2025-07-17,ACC-003,COP,,81904731.68,88551057.94
22/06/2025,ACC-001,COP,3262663632.76,162466577.08,0.0
2025-08-12,ACC-006,USD,136651.58,5742.07,4089.28
2025-02-16,ACC-006,USD,232385.3,49.75,1180.55
07-30-2025,ACC-006,USD,148242.05,5187.81,5155.12
2025-07-09,ACC-003,COP,2864688036.43,135421469.29,100669878.84
2025-04-27,ACC-002,USD,149671.38,2619.5,6097.25
05-28-2025,ACC-001,COP,2651620522.63,64645026.22,97758718.3
2025-08-21,ACC-004,MXN,22422590.28,1353175.2,1233630.25
2025-04-05,ACC-006,USD,184832.43,1118.75,1446.73
2025-03-02,ACC-006,USD,,0.0,4189.14
2025-01-11,ACC-004,MXN,71251298.16,0.0,2044321.86
2025-04-17,ACC-002,USD,155576.18,1610.8,12120.11
2025-09-18,ACC-006,USD,152788.25,7714.23,4994.36
2025-09-06,ACC-005,MXN,110240345.58,1600285.29,359112.81
2025-04-02,ACC-002,USD,171601.29,0.0,355.47
2025-01-04,ACC-004,MXN,81945030.99,0.0,5278188.29
2025-04-17,ACC-005,MXN,159966541.74,4705149.61,7816163.9
2025-01-02,ACC-006,USD,224417.02,9614.42,11255.94
2025-09-07,ACC-005,MXN,109457908.76,1124517.57,1906954.39
07-15-2025,ACC-002,USD,130263.23,3966.59,
2025-03-02,ACC-004,mxn,49424495.15,17868.57,2993171.3
09-13-2025,ACC-002,USD,93442.26,0.0,821.85
02-11-2025,ACC-004,MXN,56731250.35,1878306.55,0.0
2025-04-06,ACC-001,COP,2623841621.65,138091860.73,20834780.0
2025-07-15,ACC-006,USD,137117.49,6487.88,2941.79
2025-06-27,ACC-003,COP,2924091808.78,94537528.48,91021231.65
2025-03-31,ACC-002,USD,176634.75,4013.38,2017.85
2025-06-16,ACC-005,MXN,138303884.88,5140203.52,3327670.73
2025-08-02,ACC-004,MXN,23147743.71,733416.48,639458.72
2025-03-11,ACC-004,MXN,47677236.75,0.0,1683833.14
2025-07-08,ACC-003,COP,2829936445.98,147021565.61,91292006.84
2025-02-13,ACC-005,MXN,155305971.2,2225065.31,3853326.49
2025-03-14,ACC-004,MXN,46452813.16,0.0,1321999.22
2025-01-22,ACC-006,USD,240244.44,4160.16,1270.91
2025-05-28,ACC-003,COP,3085875971.34,92370398.36,110648647.79
2025-07-24,ACC-001,COP,2706504246.63,0.0,0.0
2025-08-04,ACC-004,MXN,24741984.31,1245457.35,0.0
2025-04-03,ACC-005,Mexican Peso,161308214.47,6052913.8,3541485.29
08-02-2025,ACC-005,MXN,120285699.97,1564952.39,3282073.53
2025-06-30,ACC-002,USD,135702.31,5109.59,4603.58
06/06/2025,ACC-002,USD,151164.08,7170.38,4855.72
2025-02-02,ACC-003,COP,3976769345.31,48666686.57,78942983.5
2025-02-01,ACC-003,COP,4007045642.25,0.0,29744245.38
2025-05-01,ACC-004,MXN,34389311.57,1627244.12,0.0
2025-01-07,ACC-003,COP,4045690199.73,152897338.33,136194433.8
2025-04-01,ACC-003,COP,4034136766.59,160214117.79,132094962.02
2025-08-26,ACC-002,USD,110266.46,1005.82,1279.96
2025-06-09,ACC-003,COP,3016700974.7,,53057130.79
2025-01-17,ACC-002,USD,174010.37,6004.74,2386.53
2025-01-15,ACC-002,US Dollar,175590.15,7156.4,6246.47
2025-07-09,ACC-004,MXN,20754380.24,319035.46,2230917.29
2025-02-28,ACC-002,USD,165206.63,2133.67,6010.57
2025-07-16,ACC-003,COP,2915548159.0,85328624.97,26844552.53
2025-01-01,ACC-002,USD,177214.43,0.0,2785.57
2025-04-22,ACC-001,COP,2456161803.55,82103156.05,11666909.38
2025-07-08,ACC-001,COP,2584168159.21,62711053.22,0.0
2025-08-03,ACC-002,USD,122208.46,3663.53,1621.31
06-11-2025,ACC-004,MXN,25044677.01,0.0,0.0
2025-07-06,ACC-001,COP,2643974702.96,88398863.99,89524756.63
04-22-2025,ACC-003,COP,3928109312.82,142456253.22,155840961.17
15/06/2025,ACC-003,COP,2896425471.61,,104508361.91
2025-08-29,ACC-006,USD,151546.1,2289.65,1436.01
2025-05-22,ACC-003,COP,3234282417.91,42149769.46,135154401.65
2025-02-28,ACC-001,Colombian Peso,2402287085.29,85761995.67,77930684.68
2025-04-04,ACC-002,USD,161168.81,5813.94,7721.05
2025-08-29,ACC-004,MXN,20797821.64,755587.46,0.0
2025-08-05,ACC-003,COP,,121059084.5,37369695.38
2025-03-16,ACC-002,USD,180452.01,510.21,777.91
2025-08-14,ACC-006,USD,,4752.01,2562.47
2025-05-07,ACC-002,USD,147808.76,5943.15,5884.18
2025-09-04,ACC-006,USD,153812.69,4732.91,2161.4
2025-06-24,ACC-006,USD,124342.1,,6701.21
2025-07-14,ACC-006,usd,133571.39,4378.15,6306.3
2025-04-21,ACC-003,COP,3941494020.77,118064836.43,43135310.18
2025-06-29,ACC-001,COP,2816793528.55,,
01-03-2025,ACC-006,USD,225271.19,7442.33,6588.17
2025-01-13,ACC-001,COP,2865976872.21,55506610.73,66741711.45
09-02-2025,ACC-002,US Dollar,101242.95,3099.2,5482.96
2025-01-06,ACC-005,MXN,155500890.84,3341100.43,3299493.89
19/04/2025,ACC-002,USD,152581.9,0.0,4702.88
2025-03-27,ACC-004,MXN,33285055.84,0.0,1091910.94
2025-03-02,ACC-001,COP,2467544830.7,0.0,43393766.83
2025-03-13,ACC-001,COP,2567046017.65,0.0,103324059.42
2025-09-04,ACC-002,USD,100774.07859194938,2059.95,4296.88
2025-06-14,ACC-004,MXN,23716889.35,0.0,1862951.49
09-10-2025,ACC-004,MXN,20662202.29,607747.29,
2025-02-13,ACC-001,COP,,43282359.07,76570454.06
26/07/2025,ACC-001,COP,2621152341.47,0.0,85351905.16
2025-06-12,ACC-002,USD,140214.79,2337.6,7046.27
2025-04-19,ACC-001,COP,2399239705.1,62363619.42,113282988.89
2025-05-08,ACC-001,COP,2488852194.25,61087971.69,131638905.7
2025-09-15,ACC-003,COP,2882492608.01,97637846.03,105574021.8
2025-01-14,ACC-001,COP,2872200707.92,,117895115.82
2025-09-12,ACC-004,MXN,21836122.89,952078.72,1429252.85
2025-07-14,ACC-005,MXN,129980571.94,1685318.86,4929015.65
2025-05-21,ACC-001,COP,2571623233.11,103663170.48,0.0
2025-08-06,ACC-005,MXN,114334594.15,1607163.44,2745126.77
2025-08-30,ACC-003,COP,2980703068.07,11400227.67,3959431.46
2025-07-05,ACC-004,MXN,23227119.74,554000.57,680999.03
06/08/2025,ACC-004,MXN,,960551.51,1159714.85
2025-04-29,ACC-003,COP,3603276618.78,101577009.96,129866412.22
2025-08-06,ACC-006,usd,148435.02,3258.04,2229.68
2025-08-26,ACC-001,COP,2580248069.24,114826151.79,59379641.15
2025-07-05,ACC-001,COP,2645100595.6,33631454.02,125988804.94
2025-03-01,ACC-006,USD,242374.09,5657.83,6181.16
2025-04-27,ACC-001,COP,2380845167.1,48472910.05,
2025-05-02,ACC-005,MXN,150324440.07,4894291.85,3732715.33
2025-01-10,ACC-001,COP,2763219962.94,140598376.17,83209311.94
2025-09-26,ACC-006,USD,145543.73,6739.43,6254.84
2025-02-21,ACC-001,COP,2235649464.82,48583096.14,116170401.02
2025-06-17,ACC-001,COP,3308890988.1,99082019.17,5098831.77
2025-01-20,ACC-006,USD,243318.36,16047.05,12689.38
2025-02-07,ACC-001,COP,2403614088.72,81953629.44,120295985.23
2025-01-14,ACC-006,USD,223846.54,3725.87,6680.83
2025-02-08,ACC-002,USD,159737.32,4161.35,
2025-07-31,ACC-003,COP,3141083449.65,134785119.41,110014892.37
2025-09-06,ACC-002,USD,102528.51,3157.51,
17/08/2025,ACC-004,MXN,23292246.64,256300.47,336862.4
2025-07-08,ACC-002,USD,129994.67,,5448.32
2025-07-22,ACC-006,USD,151232.29,4392.94,4959.24
2025-04-26,ACC-001,COP,2437033946.79,0.0,0.0
2025-04-08,ACC-002,USD,164427.06,5845.16,5779.33
2025-04-04,ACC-005,MXN,161816986.69,4554753.67,4045981.44
2025-01-05,ACC-001,COP,2617987216.05,29969174.04,0.0
2025-08-18,ACC-001,COP,2547243428.0,96951510.85,79311748.42
09/01/2025,ACC-002,USD,174001.44,2588.49,1968.7
2025-04-24,ACC-003,COP,3910471305.69,80300224.58,177663370.94
2025-03-11,ACC-002,USD,177456.60053505414,6637.13,5038.65
2025-04-10,ACC-001,COP,2543687951.55,75836438.08,70865564.55
2025-06-26,ACC-005,MXN,135461717.97,4391359.7,5468206.44
2025-05-22,ACC-004,MXN,29804744.71,1405166.08,821077.59
2025-04-12,ACC-001,COP,2434408978.48,35241646.38,71395485.04
2025-03-26,ACC-005,MXN,157062938.67,5029886.7,6664792.13
25/07/2025,ACC-006,USD,148426.65,5060.81,7582.47
2025-03-27,ACC-006,usd,189516.0,453.59,4220.79
2025-09-19,ACC-002,USD,76933.72,1661.78,4350.97
17/09/2025,ACC-001,COP,2248485029.68,120363397.12,166901974.13
30/01/2025,ACC-006,USD,243799.99,10095.93,11032.64
2025-08-13,ACC-001,COP,2489865236.01,141767551.51,101880960.13
21/04/2025,ACC-005,MXN,162809217.46,4495486.14,6579814.06
2025-09-16,ACC-005,MXN,107196086.06,4852743.12,3941752.33
2025-08-26,ACC-003,COP,3024158817.88,49584789.36,78514096.31
2025-01-01,ACC-004,MXN,91253281.78,4258986.96,3005705.18
23/02/2025,ACC-003,COP,3819656780.44,34017276.77,
2025-09-06,ACC-004,MXN,21544714.32,299703.97,346018.37
2025-04-30,ACC-002,USD,147707.07,4496.03,856.77
2025-06-22,ACC-005,MXN,137325409.94,3312918.87,3013788.43
2025-03-21,ACC-003,COP,3700794155.99,135437228.03,177873838.65
2025-01-25,ACC-005,MXN,161390464.38,2894596.85,1351992.51
13/05/2025,ACC-006,USD,149563.63,4450.66,1170.38
2025-04-24,ACC-001,COP,2477029299.7,227025375.15,192787851.36
09-02-2025,ACC-004,MXN,20863938.7,130554.59,826645.92
2025-03-05,ACC-001,COP,2571515324.19,160873663.18,5511059.86
2025-03-22,ACC-002,USD,43919.723214013466,6338.14,4204.918593401913
25/05/2025,ACC-002,USD,143925.49,5039.32,0.0
2025-09-21,ACC-001,COP,2503939160.98,117342053.07,39021275.67
2025-03-11,ACC-002,USD,177397.49,6637.13,5038.65
2025-07-19,ACC-006,usd,153488.22,6346.71,3259.15
03-30-2025,ACC-002,USD,174639.22,0.0,4756.68
04-28-2025,ACC-001,COP,2371623118.24,28029461.73,37251510.59
2025-04-09,ACC-001,COP,2538717078.02,114255896.11,54879897.25
2025-09-07,ACC-003,COP,2899977364.29,0.0,47924829.51
2025-06-03,ACC-006,USD,126227.63,52.32,6348.54
2025-06-14,ACC-003,COP,2977673698.02,35685029.13,53719024.7
2025-09-21,ACC-006,USD,152886.81,0.0,1834.81
2025-06-24,ACC-004,MXN,24654993.74,438270.7,1433768.08
04/05/2025,ACC-003,COP,3555790732.19,52304727.56,0.0
2025-04-29,ACC-004,MXN,31447520.04,815611.75,2070462.36
2025-06-15,ACC-006,USD,127219.16,1350.81,2749.58
2025-01-25,ACC-002,USD,164071.36,2821.34,7602.11
2025-03-13,ACC-003,COP,3797804151.05,130287128.18,152119261.97
2025-01-28,ACC-001,COP,2841795459.79,51721850.65,45447891.14
2025-07-20,ACC-001,cop,2654315719.41,20138764.15,47518032.65
2025-05-12,ACC-006,USD,146283.35,4988.61,3024.34
2025-07-04,ACC-002,USD,128426.92,3949.76,1317.71
2025-09-17,ACC-002,USD,82479.75499030117,2691.24,3400.28
07-21-2025,ACC-004,MXN,20518269.75,692760.76,611180.38
2025-03-22,ACC-003,COP,3782147687.5,91667961.88,10314430.37
2025-01-21,ACC-004,MXN,72317855.6,6670348.29,0.0
2025-02-20,ACC-004,MXN,59294797.87,3431117.03,0.0
2025-08-16,ACC-005,MXN,107859256.26,0.0,652176.16
01-05-2025,ACC-005,MXN,155459284.3,719090.48,1034068.36
2025-04-02,ACC-005,MXN,158920761.15207294,1532676.44,4882918.07
09/09/2025,ACC-006,USD,144736.41,3764.5,7196.14
2025-07-25,ACC-004,MXN,23018056.16,1515078.48,376233.91
2025-07-20,ACC-006,USD,152725.94,0.0,762.29
2025-02-24,ACC-005,mxn,153257854.16,1796661.43,4274186.69
2025-04-23,ACC-004,MXN,33406242.06,0.0,0.0
2025-01-19,ACC-003,COP,3965516434.88,91251321.52,35924064.41
2025-02-18,ACC-004,MXN,53295440.97,668081.76,863732.21
2025-05-08,ACC-002,USD,143441.56,0.0,4367.2
2025-04-23,ACC-003,COP,4007834452.05,107979695.24,28254556.01
2025-07-05,ACC-003,COP,,24099106.4,49327808.64
04/03/2025,ACC-003,COP,3847040224.76,90543436.98,97339722.32
2025-09-17,ACC-004,MXN,18628916.32,760156.4,1340280.97
2025-04-14,ACC-005,MXN,167973040.32,6830193.38,4662806.56
2025-01-18,ACC-001,COP,,83809250.71,125484708.43
2025-02-12,ACC-005,MXN,156934232.38,5431034.03,4011471.96
04/04/2025,ACC-006,USD,185160.4,6950.83,6296.23
2025-09-15,ACC-004,MXN,4377300.056040549,120151.66,1022482.4003292918
2025-07-09,ACC-001,COP,2712210706.3,181166620.78,53124073.7
2025-03-15,ACC-004,MXN,44684642.17,0.0,1768171.0
2025-01-18,ACC-002,USD,176759.19,2748.82,0.0
2025-03-19,ACC-005,MXN,167862586.33,5872802.07,5990744.93
2025-06-10,ACC-005,MXN,134270802.03,6309590.65,3037548.89
2025-08-24,ACC-005,MXN,104099648.62,1329798.65,302786.06
2025-04-29,ACC-001,cop,,0.0,66247383.34
11/07/2025,ACC-006,USD,138117.17,4576.44,3306.76
2025-04-07,ACC-001,Colombian Peso,2497593408.32,,179827890.94
01/05/2025,ACC-005,MXN,149162863.55,3872492.86,6338370.81
05-10-2025,ACC-003,COP,3523202095.42,133972552.02,36525241.37
2025-08-29,ACC-002,USD,108259.2,3989.75,4154.93
2025-03-18,ACC-002,USD,191042.53,8930.95,0.0
2025-05-17,ACC-004,MXN,,,0.0
2025-08-27,ACC-004,MXN,,1164242.6,163133.89
2025-08-22,ACC-002,USD,,4784.71,2701.3
09-23-2025,ACC-005,MXN,107508690.18,1858004.37,2341229.91
2025-07-02,ACC-002,usd,,2294.9,9569.49
2025-09-20,ACC-003,COP,2928710990.96,26459714.84,78639508.64
2025-07-11,ACC-003,COP,2863301314.53,62397707.97,106398716.24
2025-07-30,ACC-001,COP,2522861795.1,79801588.64,27335033.02
30/08/2025,ACC-004,MXN,20050010.41,0.0,747811.23
2025-03-04,ACC-004,MXN,53795795.2,2589986.87,
2025-02-11,ACC-002,USD,153689.53,5352.85,2966.55
2025-02-24,ACC-002,USD,154048.54,5081.71,3692.95
2025-04-13,ACC-002,USD,160220.82,2279.75,5122.94
2025-06-25,ACC-006,USD,127693.31,5587.67,2236.47
2025-04-24,ACC-006,USD,163053.54,6810.11,5860.43
2025-01-24,ACC-001,COP,2890836050.66,,107145190.46
2025-01-24,ACC-004,MXN,72100790.82,2635193.11,2300830.3
2025-01-23,ACC-003,COP,3987405927.09,112406509.78,116958164.45
03-21-2025,ACC-005,MXN,170197433.25,8708088.48,4873779.17
2025-02-17,ACC-003,cop,4015531448.1,115538995.34,63406220.15
2025-02-08,ACC-006,USD,220245.31,4415.49,1268.5
2025-01-20,ACC-004,MXN,65647507.31,3393378.84,2315375.08
2025-06-12,ACC-005,MXN,134092477.79,3895527.43,4145371.24
2025-01-08,ACC-004,MXN,77735867.23,3072224.65,5150865.59
2025-08-07,ACC-002,USD,123598.79,6261.26,2854.96
2025-03-19,ACC-006,USD,215301.59,3954.85,12449.96
2025-03-16,ACC-002,USD,180627.89302416067,510.21,777.91
20/07/2025,ACC-004,MXN,,251116.68,0.0
2025-08-17,ACC-001,COP,2529603665.57,94731159.31,0.0
2025-03-23,ACC-002,USD,43407.57777809724,0.0,6371.330313434236
2025-08-28,ACC-005,MXN,104307362.98,3782430.79,2699114.29
26/01/2025,ACC-003,COP,4063642535.53,12515320.81,41620236.5
2025-01-26,ACC-006,US Dollar,243308.11,4301.29,1659.5
2025-01-16,ACC-001,Colombian Peso,3041942170.29,239358664.58,62573963.52
2025-06-01,ACC-005,MXN,,,123119.08
2025-08-11,ACC-002,USD,119095.16,4496.77,5354.66
2025-02-04,ACC-001,COP,2546213479.44,127901830.42,67661711.14
2025-05-04,ACC-004,MXN,8512941.92832228,199551.65,3324886.556660942
2025-04-10,ACC-002,USD,164002.04,0.0,0.0
2025-09-07,ACC-006,USD,152445.28,4087.43,974.54
2025-03-02,ACC-002,USD,168032.47,,2118.16
2025-08-23,ACC-004,mxn,22021220.57,0.0,607225.14
31/03/2025,ACC-004,MXN,33293840.21,438472.87,626432.26
2025-02-05,ACC-004,MXN,66046942.22,909042.37,0.0
30/05/2025,ACC-002,US Dollar,138411.86,8870.84,3359.9
31/01/2025,ACC-004,MXN,75113780.3707718,0.0,93069.49
06-10-2025,ACC-002,USD,145629.45,1497.87,456.03
2025-07-04,ACC-005,MXN,138764414.61,5585298.38,3636584.02
2025-09-07,ACC-001,COP,2160199516.76,0.0,0.0
2025-01-25,ACC-001,COP,2932705076.65,83755727.69,41886701.71
21/04/2025,ACC-001,cop,2385725556.88,59026358.75,92063979.42
2025-06-01,ACC-003,Colombian Peso,3115351568.9,27559045.85,34828117.23
2025-03-06,ACC-004,MXN,49975650.86,796694.15,3071583.23
2025-02-28,ACC-004,MXN,53259432.43,0.0,
2025-01-09,ACC-005,mxn,156390941.9,5456383.13,5811726.62
26/03/2025,ACC-002,USD,185118.4,4826.89,8485.47
01-19-2025,ACC-004,MXN,64569503.55,1492048.38,0.0
2025-09-10,ACC-005,Mexican Peso,109047044.23,2831613.44,3646080.02
08/03/2025,ACC-004,MXN,49642467.93,0.0,0.0
2025-07-15,ACC-005,MXN,127678775.77,1716899.82,4018695.99
2025-02-23,ACC-005,MXN,155735379.42,2795635.24,1647474.73
2025-02-17,ACC-003,cop,4017515853.5737386,115538995.34,63406220.15
2025-01-11,ACC-005,MXN,160452658.13,5234294.23,2386821.98
2025-03-16,ACC-006,USD,226354.13,5405.35,6233.84
2025-02-16,ACC-001,COP,2354119885.22,3368694.65,25682222.18
2025-04-08,ACC-005,MXN,163414769.39,2942102.62,1643137.74
2025-04-15,ACC-002,USD,165388.48,3700.91,2318.62
2025-07-13,ACC-001,COP,2615801697.17,60315420.79,67959567.24
2025-06-11,ACC-005,MXN,134342321.59,4320083.05,4248563.49
2025-04-08,ACC-002,USD,164497.86563780927,5845.16,5779.33
2025-08-17,ACC-002,usd,114360.43,3088.79,1720.14
2025-01-27,ACC-001,COP,2835521500.28,,69750405.9
2025-03-15,ACC-005,MXN,163999628.18,5049010.44,2082766.85
2025-04-18,ACC-005,MXN,162981194.94,4231599.24,1216946.04
2025-05-25,ACC-004,MXN,30314805.37,0.0,804871.55
2025-01-16,ACC-004,MXN,61199231.85,958978.7,4547203.75
07-23-2025,ACC-002,USD,126919.13,4495.02,0.0
2025-07-18,ACC-004,Mexican Peso,20138098.64,577380.63,241407.64
2025-06-04,ACC-006,USD,124062.77,3274.86,5439.71
2025-06-06,ACC-005,MXN,133236300.75,4454095.79,5065004.71
2025-08-22,ACC-006,USD,141603.99,2401.36,3234.08
2025-01-28,ACC-004,MXN,75113057.07,1701490.54,0.0
2025-04-06,ACC-004,MXN,33300785.71,0.0,0.0
2025-01-16,ACC-002,USD,170392.16,182.17,5380.15
2025-03-30,ACC-005,MXN,159789844.15,6224230.22,3317329.93
2025-05-26,ACC-002,USD,140282.72,5457.46,9100.23
2025-04-03,ACC-004,MXN,33857875.59,1074336.93,0.0
2025-02-27,ACC-006,USD,251872.89,7537.16,6000.86
2025-03-05,ACC-003,COP,3845777340.1,88007313.34,89270198.0
2025-09-10,ACC-001,COP,2166748784.85,0.0,40643865.06
02-26-2025,ACC-004,MXN,,1318752.87,0.0
2025-03-12,ACC-002,USD,177722.8,8219.8,7894.49
2025-03-10,ACC-004,MXN,49361069.89,4089573.83,5031805.34
14/06/2025,ACC-001,COP,3130278984.13,0.0,0.0
2025-04-11,ACC-002,USD,163064.02,8205.83,9143.85
2025-02-02,ACC-006,USD,241581.55,933.52,576.37
2025-07-27,ACC-001,COP,2587426357.75,12785714.66,46511698.38
2025-05-25,ACC-003,COP,,76355599.79,69922650.21
2025-09-20,ACC-001,COP,2425618383.58,109279016.02,4029569.41
13/03/2025,ACC-002,USD,183669.58,9780.89,3834.11
2025-04-18,ACC-002,USD,157284.78,10221.88,8513.28
2025-04-19,ACC-003,COP,3877114644.45,0.0,24132455.55
2025-01-21,ACC-001,COP,2935141386.24,142166289.61,133379915.79
2025-07-19,ACC-001,COP,2682811747.5022993,66049285.17,0.0
2025-04-08,ACC-001,COP,2479341079.17,5804052.3,24056381.45
2025-09-18,ACC-004,MXN,18724223.65,505794.46,410487.13
18/05/2025,ACC-003,COP,3392179520.88,104173199.99,58434807.46
2025-05-21,ACC-006,USD,148036.15,4357.41,8390.98
20/05/2025,ACC-001,COP,2467960062.63,,
2025-03-20,ACC-002,usd,188066.8,0.0,2424.43
2025-09-13,ACC-003,COP,2876742981.27,0.0,0.0
2025-04-06,ACC-003,COP,4000991028.4,109497405.63,109192519.23
01-21-2025,ACC-006,USD,237355.19,4186.52,10149.69
06/01/2025,ACC-002,USD,179569.91,6806.88,7787.25
2025-04-02,ACC-003,COP,4076210217.79,153126876.27,111053425.07
2025-03-09,ACC-006,USD,228140.2,4389.65,2531.42
2025-08-08,ACC-006,USD,145088.75,5655.32,9150.22
2025-07-26,ACC-003,COP,3010017600.17,17317712.77,6246766.09
2025-03-06,ACC-005,MXN,158211579.62,6138260.14,2503621.94
2025-08-19,ACC-002,USD,17670.962626542118,3242.96,
2025-06-18,ACC-002,USD,139963.07,4155.38,3851.9
09/05/2025,ACC-001,COP,2534331123.9,101717278.29,56238348.63
2025-03-15,ACC-006,USD,,791.55,792.34
2025-05-03,ACC-002,USD,149034.47,1832.69,2663.98
2025-01-01,ACC-003,COP,4007800005.09,129750099.22,
2025-02-13,ACC-002,USD,150604.67,3405.92,9271.3
2025-08-16,ACC-004,MXN,23372808.57,,0.0
2025-05-13,ACC-003,COP,3379711566.58,68941375.49,193055335.33
2025-06-23,ACC-003,COP,2899291802.26,111211290.54,119839778.76
05-27-2025,ACC-002,USD,137903.6,1044.32,3423.44
2025-07-14,ACC-002,USD,131691.58,3366.46,4449.86
2025-08-29,ACC-005,MXN,,3743215.91,3246142.68
2025-06-01,ACC-001,COP,2803987342.7,91546268.31,12498944.05
05-16-2025,ACC-004,Mexican Peso,,1824200.9,255437.71
2025-07-02,ACC-005,MXN,136677103.01,6620764.29,5253249.31
2025-03-24,ACC-004,MXN,33106524.6,1706575.15,2304961.24
2025-08-12,ACC-005,MXN,109822641.71,2226492.28,3331720.32
2025-01-26,ACC-005,MXN,160956014.38,3212305.28,3646755.28
02-01-2025,ACC-006,USD,241224.4,986.05,6447.61
2025-07-12,ACC-006,USD,135499.54,681.98,3299.6
2025-02-08,ACC-004,mxn,56888514.93,,5219440.57
27/04/2025,ACC-003,COP,3685775127.09,19572983.58,62794590.43
05-15-2025,ACC-003,COP,3436872383.85,133484181.91,
2025-06-27,ACC-002,USD,132340.72,3239.76,7223.39
2025-06-01,ACC-004,mxn,28631699.64,,1401648.33
2025-08-22,ACC-005,MXN,103960835.17,4539706.8,4866261.11
2025-01-14,ACC-003,COP,3885436953.47,64373834.52,94177212.26
2025-02-06,ACC-005,MXN,157925875.44,2791095.72,7792535.61
04-11-2025,ACC-005,MXN,165722233.14,7398309.93,3564750.4
2025-04-23,ACC-005,MXN,162595807.96,5925027.14,4158919.71
2025-07-19,ACC-003,COP,2941005181.55,24331802.7,89767907.74
2025-07-01,ACC-005,MXN,135309588.03,3718437.1,1867786.26
2025-01-02,ACC-005,MXN,151036788.01,6466087.15,
2025-02-22,ACC-005,MXN,154587218.9,2603571.41,3211557.67
08/06/2025,ACC-005,MXN,129904679.84,0.0,1967150.27
2025-02-16,ACC-003,COP,3963398672.9,42587244.5,11093792.6
2025-04-24,ACC-002,USD,162069.69,5078.31,3347.25
06-21-2025,ACC-004,MXN,26167465.34,101538.72,149851.94
2025-02-25,ACC-001,COP,2328366665.01,94861707.53,88089150.81
03/01/2025,ACC-005,MXN,149764728.92,5444866.2,6716925.29
2025-03-20,ACC-006,USD,214266.48,6261.99,7297.1
2025-06-23,ACC-005,MXN,138647722.31,6209443.68,4887131.31
2025-03-20,ACC-004,MXN,35735467.26,0.0,1423949.07
2025-09-02,ACC-006,USD,152923.84,3719.49,1746.38
02-20-2025,ACC-006,USD,234731.94,6255.74,
2025-06-20,ACC-001,COP,3129446167.05,0.0,129066996.04
2025-02-15,ACC-005,MXN,151519954.15,250193.06,1830280.56
2025-07-05,ACC-006,USD,137044.86,3380.14,2161.85
2025-02-22,ACC-004,MXN,56219096.66,2500741.53,858389.58
2025-05-24,ACC-006,USD,141415.01,2190.52,5287.71
2025-07-16,ACC-005,MXN,129531906.56,3276713.01,1423582.22
02-25-2025,ACC-002,USD,159970.16,10314.55,4392.93
2025-02-26,ACC-002,usd,168517.78,10135.35,1587.73
2025-05-23,ACC-002,USD,138585.36,0.0,4667.49
2025-09-22,ACC-001,COP,2417147045.98,91282906.41,178075021.41
2025-05-20,ACC-002,USD,148278.74,5124.05,1330.92
2025-09-19,ACC-006,USD,152901.2,775.77,662.82
2025-01-28,ACC-002,USD,168567.9,752.5,
2025-03-19,ACC-004,MXN,37159416.33,2310388.31,1486390.26
2025-02-24,ACC-001,COP,2321594108.29,112672041.69,
2025-08-23,ACC-002,USD,113084.23,3046.85,2288.86
14/07/2025,ACC-003,COP,2892220723.21,45426868.66,41369411.97
2025-06-02,ACC-006,USD,132523.86,3444.92,3318.16
2025-06-25,ACC-002,USD,137832.15,1852.48,2894.9
2025-07-24,ACC-002,USD,131698.62,4779.48,0.0
2025-04-03,ACC-004,MXN,33873012.422577985,1074336.93,0.0
2025-03-25,ACC-004,MXN,35201343.06,2094818.47,0.0
2025-03-28,ACC-005,MXN,157919213.05,5144503.42,4995634.76
05-16-2025,ACC-004,Mexican Peso,,1824200.9,255437.71
2025-02-21,ACC-006,USD,240798.07,10120.27,4054.14
2025-08-02,ACC-001,COP,2462148299.46,80929851.46,140775817.77
2025-06-20,ACC-004,MXN,26215778.56,895868.77,327915.08
07-18-2025,ACC-005,MXN,126180189.75,1173455.26,5262306.62
2025-02-01,ACC-004,MXN,71388306.7762615,0.0,3729045.14
2025-04-22,ACC-004,MXN,33406242.06,1782582.1,0.0
2025-07-01,ACC-002,USD,130720.09,3670.9,8653.13
2025-01-30,ACC-005,MXN,158985835.24,3713708.69,2708479.54
2025-05-18,ACC-002,USD,146674.28,0.0,2845.21
2025-07-19,ACC-001,COP,2681694987.91,66049285.17,0.0
2025-07-07,ACC-004,MXN,22444925.4,740753.6,993246.47
2025-03-20,ACC-005,MXN,166363123.94,4551954.16,6051416.56
2025-07-21,ACC-002,USD,121103.94,4901.15,6894.18
2025-05-14,ACC-006,USD,153956.73,7649.97,3256.86
2025-08-27,ACC-006,USD,150435.78,6407.55,5170.76
2025-06-30,ACC-003,COP,2840346830.03,67155522.71,102387624.12
2025-08-05,ACC-001,COP,,61742599.81,0.0
2025-08-20,ACC-003,COP,3074300025.08,99372697.01,95016031.57
2025-09-11,ACC-001,COP,2269968945.27,196113245.71,92893085.28
2025-06-02,ACC-001,COP,2867888403.21,79820803.04,15919742.54
2025-07-14,ACC-001,COP,2712342709.77,96541012.59,0.0
09-05-2025,ACC-002,USD,99534.69,1959.67,3222.72
2025-08-10,ACC-006,USD,136853.36,1184.69,2294.03
2025-09-01,ACC-006,USD,150950.73,2320.67,3211.68
2025-03-10,ACC-001,COP,,101843686.29,142527812.39
2025-03-25,ACC-002,USD,188776.98,2297.5,8413.73
11/05/2025,ACC-001,COP,2556022338.14,15454295.66,15696262.3
2025-06-04,ACC-003,COP,3149559712.24,103987755.25,71192399.7
09-20-2025,ACC-005,MXN,105952120.6,0.0,1527466.59
31/01/2025,ACC-002,USD,,6829.8,3464.91
2025-08-07,ACC-004,MXN,23586083.33,353465.85,0.0
2025-02-10,ACC-006,USD,231267.42,11797.54,4956.22
2025-05-30,ACC-006,USD,126161.2,5255.15,3353.54
2025-08-08,ACC-002,USD,118752.1,205.56,5052.26
2025-01-04,ACC-005,MXN,155774262.19,6009533.27,0.0
08-29-2025,ACC-001,COP,2454107967.09,90219671.73,172010966.62
2025-05-21,ACC-003,COP,3327287050.1,88571262.82,139038902.76
2025-09-12,ACC-005,MXN,109162894.75,3239044.49,
2025-08-03,ACC-003,COP,3128863908.84,98291204.29,43415363.08
2025-05-12,ACC-003,COP,3503825526.42,119580609.14,92955462.55
2025-08-04,ACC-003,COP,3107580900.62,95990827.9,117273836.13
2025-09-11,ACC-004,MXN,22313297.02,1987616.24,336521.5
2025-07-07,ACC-001,COP,2521457105.99,115945991.39,238463588.36
2025-06-14,ACC-005,MXN,,3424029.31,1697246.04
30/05/2025,ACC-005,MXN,135117747.95,1566114.01,1736288.62
2025-08-11,ACC-006,USD,135065.03543586493,3289.04,5143.62
2025-06-28,ACC-003,COP,2946315266.06,22223457.28,0.0
2025-02-16,ACC-005,MXN,154361172.48,2841218.33,0.0
2025-06-30,ACC-001,Colombian Peso,2773420795.54,73763193.8,117135926.81
2025-02-02,ACC-002,USD,175005.69,0.0,4234.12
2025-06-11,ACC-002,USD,144923.46,4198.76,4904.74
2025-01-14,ACC-002,USD,174680.22,4646.12,3282.92
2025-05-21,ACC-002,USD,142291.19,3021.21,9008.75
2025-01-18,ACC-006,USD,242206.61,2799.73,1628.98
2025-08-25,ACC-005,MXN,103827940.3,3065021.51,3336729.83
2025-07-12,ACC-003,COP,2888163266.52,62664873.76,37802921.78
2025-05-28,ACC-005,MXN,133419335.01,3479207.19,4419897.68
2025-09-21,ACC-004,MXN,19166925.71,0.0,817296.34
2025-07-13,ACC-002,USD,132774.97,1157.04,2833.68
2025-01-29,ACC-003,Colombian Peso,3898977331.4,119585069.18,126440712.3
20/04/2025,ACC-001,cop,2418763177.55,19523472.45,0.0
2025-04-10,ACC-006,USD,180702.78,3168.19,8195.96
2025-05-03,ACC-001,COP,2365978390.6,144884566.17,0.0
2025-05-25,ACC-006,USD,138837.57,2167.86,4745.29
2025-04-25,ACC-006,USD,160186.78,1588.74,4455.5
01-11-2025,ACC-002,US Dollar,170881.26,1825.26,3359.68
2025-06-18,ACC-004,mxn,25469776.74,1379001.4,0.0
2025-01-06,ACC-006,USD,227493.46,6742.1,9821.96
2025-04-22,ACC-006,USD,166366.5,1835.32,3758.44
2025-03-18,ACC-005,MXN,167980529.2,7257937.92,5409148.69
2025-04-07,ACC-006,USD,182482.86,5183.26,3998.05
2025-05-19,ACC-004,MXN,30284027.58,0.0,1446617.99
2025-08-20,ACC-002,USD,17265.10084208704,2471.3,12307.29969822573
09-26-2025,ACC-005,MXN,108043651.47,3770777.83,3609340.04
17/01/2025,ACC-003,COP,3912417589.85,73104525.98,117092301.53
2025-04-19,ACC-004,MXN,30546142.48,560188.05,151859.11
2025-07-02,ACC-004,MXN,22609448.48,147661.5,535932.69
2025-08-21,ACC-005,mxn,104287389.48,2568259.23,3194479.75
2025-06-27,ACC-005,MXN,,4231471.89,3540270.8
2025-01-09,ACC-006,USD,228869.09,7280.34,
2025-05-31,ACC-006,USD,127122.54,3877.61,2916.26
2025-03-09,ACC-001,COP,2691582543.7,0.0,0.0
2025-01-14,ACC-002,USD,174713.96139038706,4646.12,3282.92
2025-08-09,ACC-003,cop,3098269950.92,0.0,0.0
2025-02-04,ACC-005,mxn,,8195576.57,5495399.4
2025-02-11,ACC-003,COP,3934575411.48,106894217.79,65905747.54
18/05/2025,ACC-005,MXN,140524109.76,1336856.77,449614.51
2025-09-01,ACC-003,COP,2923918830.3,54530415.06,99826783.42
2025-07-29,ACC-006,USD,148209.37,2602.75,1958.01
2025-07-20,ACC-003,COP,2935319197.06,48525948.51,54211933.0
2025-08-24,ACC-006,USD,142288.5,3959.69,3275.18
2025-04-14,ACC-003,COP,3819622057.54,64900909.66,123192245.4
2025-08-30,ACC-002,USD,107725.9,2186.46,2719.76
2025-08-18,ACC-003,COP,3110404195.01,66127280.65,150686240.51
2025-03-12,ACC-003,cop,3819636284.85,114651691.95,174197128.66
2025-02-18,ACC-002,USD,151680.56,3909.87,1452.27
2025-06-02,ACC-005,MXN,136231621.47,3133606.15,3309119.95
13/05/2025,ACC-001,COP,2560836145.15,108701478.93,149097132.25
2025-03-23,ACC-003,cop,3862880001.83,,28329174.81
2025-05-18,ACC-004,MXN,31730645.56,126655.96,0.0
2025-01-26,ACC-004,mxn,74261633.26,685755.72,0.0
2025-08-18,ACC-005,MXN,103954973.73,2379463.83,5185798.29
2025-05-06,ACC-001,COP,2401191348.3,50935563.67,
2025-05-07,ACC-003,COP,3496754427.65,135004486.85,120849525.06
25/06/2025,ACC-003,COP,2904101421.11,78893633.96,65651732.86
2025-03-01,ACC-004,MXN,52399797.87,0.0,859634.56
2025-01-20,ACC-002,USD,174396.18,4414.34,6947.87
07-27-2025,ACC-004,MXN,23266584.98,365723.88,828267.51
2025-02-23,ACC-001,COP,2208922066.6,0.0,9593244.23
2025-07-31,ACC-006,USD,148260.3,5976.35,5958.1
2025-02-10,ACC-001,COP,,100231195.94,
2025-02-08,ACC-005,MXN,157754653.43,1831905.01,1877519.56
2025-09-19,ACC-001,COP,2320368936.97,141962916.2,60947131.89
2025-03-25,ACC-001,COP,2720981297.59,143327266.01,111951534.65
2025-02-17,ACC-006,USD,233401.16,10807.21,9791.35
2025-07-27,ACC-005,MXN,126863695.38,1437158.34,2118875.45
2025-01-24,ACC-003,COP,,190252743.5,123671547.94
2025-05-06,ACC-004,MXN,34553648.4,1864017.35,502724.91
2025-09-01,ACC-002,USD,103626.71,0.0,3505.49
2025-09-26,ACC-004,MXN,18784842.09,727474.26,140421.2
2025-02-28,ACC-006,USD,242897.42,2030.89,11006.35
2025-03-18,ACC-006,USD,223796.7,11142.04,7861.62
03/09/2025,ACC-006,USD,151241.18,1325.73,3008.39
2025-04-08,ACC-003,COP,3929496363.63,94178172.19,
2025-08-06,ACC-003,COP,3124489200.48,42050523.5,108831612.77
2025-06-18,ACC-006,USD,125003.72,4004.85,3814.51
2025-02-18,ACC-001,COP,2337479013.57,0.0,16640871.64
2025-08-21,ACC-006,USD,142436.71,2944.74,5375.54
2025-07-17,ACC-002,USD,127768.45,4659.65,5637.94
2025-06-03,ACC-001,COP,2744963481.53,62057077.64,184981999.32
05-05-2025,ACC-002,USD,146564.91,1249.81,4336.76
05-04-2025,ACC-001,COP,2227041424.36,0.0,138936966.23
2025-03-27,ACC-002,USD,,5503.03,8521.61
2025-05-15,ACC-001,COP,2541433323.77,79673907.56,81386019.54
2025-09-26,ACC-001,COP,2172487717.48,37572138.21,137952444.08
2025-04-26,ACC-002,USD,153149.12,7086.93,6083.45
09/08/2025,ACC-001,COP,2380998110.34,17548467.21,50737893.2
2025-02-11,ACC-001,COP,2478943820.59,51948193.71,55753997.66
2025-08-08,ACC-001,COP,817997060.9824734,33922148.53,252502841.69646934
2025-05-06,ACC-005,MXN,144613014.08,3118860.87,7096196.01
2025-06-12,ACC-004,Mexican Peso,25510751.08,466074.07,0.0
2025-05-27,ACC-006,USD,131217.02,3974.26,9262.33
2025-01-02,ACC-003,COP,4014640436.7,137571520.61,130731089.0
2025-08-30,ACC-005,MXN,104707427.27,241680.52,338689.46
2025-06-11,ACC-003,Colombian Peso,3058791372.67,85446840.9,82770109.28
2025-06-17,ACC-003,COP,2865434106.64,122681266.96,65943735.2
2025-01-27,ACC-005,MXN,159850834.95,,8012906.91
18/08/2025,ACC-004,MXN,23186354.02,0.0,105892.61
2025-01-16,ACC-004,MXN,61158722.407275915,958978.7,4547203.75
23/09/2025,ACC-004,Mexican Peso,18358672.15,529468.9,1016634.42
2025-01-14,ACC-005,MXN,157104531.59,4515154.28,4285144.11
2025-08-17,ACC-005,MXN,106761308.18,1286149.05,2384097.12
2025-07-22,ACC-003,COP,2963673656.02,110424327.22,69877752.8
2025-05-10,ACC-006,USD,146129.4,2218.23,6319.32
2025-07-26,ACC-004,mxn,23729128.61,731618.01,20545.57
08/06/2025,ACC-006,USD,127026.37,330.72,
2025-05-01,ACC-003,COP,3485675438.27,78374699.56,92364776.38
2025-09-18,ACC-003,COP,2908574789.17,86864779.13,127792808.37
2025-03-08,ACC-002,usd,167985.98,0.0,0.0
2025-08-21,ACC-001,COP,2566911841.75,5401444.84,53698390.3
2025-08-31,ACC-006,USD,151841.74,3319.67,0.0
2025-01-15,ACC-006,USD,233826.8,12897.78,2917.51
2025-07-18,ACC-002,USD,124796.59,892.17,3864.03
2025-02-25,ACC-003,COP,,174057283.93,161602742.45
2025-08-17,ACC-003,COP,3194963154.88,61086247.19,0.0
2025-07-26,ACC-005,MXN,127545412.49,3369033.65,1843564.31
2025-02-15,ACC-003,COP,3931905221.0,1996236.68,0.0
2025-07-25,ACC-001,COP,2706504246.63,0.0,0.0
01-04-2025,ACC-001,COP,2588018042.02,38926524.28,12536441.22
2025-06-08,ACC-003,COP,2963786539.32,53052668.45,32299799.16
2025-04-28,ACC-006,USD,159255.66,2919.07,0.0
2025-04-04,ACC-004,mxn,34275273.68,1500278.15,1082880.06
2025-06-28,ACC-006,USD,126858.87,682.03,721.07
2025-05-19,ACC-001,COP,2416744336.5249834,26222436.81,10057562.87
2025-06-26,ACC-004,MXN,23431187.1,817186.64,
2025-01-27,ACC-006,USD,236496.89,1390.24,8201.46
2025-04-09,ACC-003,COP,3834409634.23,94317758.11,189404487.52
02-17-2025,ACC-004,MXN,53491091.42,0.0,1985962.09
2025-03-08,ACC-003,COP,3978649231.341586,40160349.49,22433627.41
2025-05-24,ACC-003,COP,3122117610.82,2338827.06,83563378.83
07-27-2025,ACC-003,COP,3030195972.36,25476345.24,5297973.05
2025-02-06,ACC-006,USD,228028.78,6024.48,6758.46
2025-02-09,ACC-006,USD,224426.1,4180.8,0.0
2025-06-07,ACC-001,Colombian Peso,2863314000.31,91140122.16,15011014.59
2025-04-25,ACC-005,MXN,160102799.11,6537897.19,5002819.2
2025-07-12,ACC-002,US Dollar,134451.62,1217.47,7077.83
10/06/2025,ACC-001,COP,3122115612.48,151349295.52,83170059.04
2025-02-05,ACC-002,USD,163633.66,1566.98,
2025-01-08,ACC-003,COP,3961444855.13,94828755.72,179074100.32
05-06-2025,ACC-002,USD,147749.79,2209.91,1025.03
2025-05-10,ACC-002,USD,145680.12,4649.0,1941.32
2025-07-19,ACC-005,MXN,126009697.39,3324855.8,3495348.15
2025-09-01,ACC-002,USD,103595.4814018728,0.0,3505.49
2025-03-07,ACC-005,MXN,156795871.95,5453017.63,6868725.3
2025-02-14,ACC-006,USD,228261.09,4892.39,5787.98
2025-05-05,ACC-003,COP,3517891756.35,102271322.55,140170298.39
08/05/2025,ACC-006,USD,149593.02,0.0,2545.0
2025-03-04,ACC-001,COP,,121716677.54,97898582.83
27/09/2025,ACC-003,cop,3054007545.39,46080713.75,15717201.37
2025-01-10,ACC-006,US Dollar,235707.94,10434.26,3595.41
07-07-2025,ACC-002,USD,127930.16,,7093.69
11/04/2025,ACC-003,COP,3970839462.94,161414333.97,39621492.79
2025-07-28,ACC-002,USD,116827.07,2516.11,9517.24
07-28-2025,ACC-003,COP,3068766820.5,100687274.93,62116426.79
2025-04-09,ACC-006,USD,185730.55,8204.55,6092.32
2025-03-19,ACC-003,COP,3771287322.56,124327862.32,89965503.23
2025-07-08,ACC-006,USD,140970.34,4112.56,842.68
25/08/2025,ACC-006,USD,144004.53,6353.18,
2025-08-14,ACC-005,MXN,108958983.94,1491441.94,4505482.0
2025-01-04,ACC-006,USD,229327.12,4055.93,0.0
2025-03-19,ACC-002,USD,190491.23,2572.56,3123.87
2025-05-28,ACC-004,MXN,32434473.57,1999834.88,0.0
2025-06-26,ACC-002,USD,136324.35,3009.18,4516.98
2025-05-20,ACC-006,USD,152069.71,3322.07,10595.52
2025-04-20,ACC-002,USD,153061.25,3782.89,3303.54
2025-01-25,ACC-003,COP,4092747451.22,38760328.57,0.0
2025-04-02,ACC-006,USD,185728.03,7728.41,9193.46
2025-02-18,ACC-005,MXN,157292856.53,5247008.56,5427611.18
2025-04-20,ACC-003,COP,3866564494.51,1649144.97,12199294.9
2025-08-20,ACC-001,cop,2615208787.21,0.0,0.0
2025-04-23,ACC-002,USD,160338.63,5693.39,0.0
07/01/2025,ACC-004,Mexican Peso,79814508.17,2735970.04,2506027.51
2025-03-14,ACC-001,COP,2536396525.6,24839950.5,55489442.55
2025-03-12,ACC-001,Colombian Peso,2670370077.08,104323785.55,18769763.27
2025-03-22,ACC-005,MXN,168634486.29,2756287.68,4319234.64
10/06/2025,ACC-003,COP,3056114641.04,126174445.65,86760779.31
2025-06-21,ACC-001,COP,3100197055.68,43188983.75,72438095.12
2025-05-31,ACC-004,MXN,30033347.97,0.0,1369384.36
2025-06-18,ACC-001,COP,3220944822.51,43748479.25,131694644.83
2025-08-12,ACC-002,USD,114723.63,228.02,4599.55
2025-06-12,ACC-003,COP,3013664350.17,74002826.17,119129848.66
2025-07-23,ACC-004,MXN,21481696.93,963427.18,0.0
2025-01-03,ACC-002,USD,177680.25,4447.28,5140.05
2025-09-25,ACC-004,MXN,18197789.04,677394.37,922684.73
2025-05-31,ACC-002,USD,143476.31,6934.6,1870.16
2025-04-05,ACC-001,COP,,0.0,143287030.99
2025-03-01,ACC-005,mxn,154792012.65,1004940.4,0.0
2025-09-02,ACC-005,MXN,105885437.72,3567000.53,6061330.01
2025-02-12,ACC-001,COP,2369696014.9,257832.12,109505637.81
2025-02-26,ACC-001,cop,2363632691.19,35266026.18,0.0
2025-09-08,ACC-005,MXN,108901616.46,2180063.44,2736355.74
2025-01-15,ACC-004,MXN,64787456.9,1575176.32,714434.95
09-20-2025,ACC-004,MXN,19984222.05,0.0,0.0
2025-03-04,ACC-006,USD,243779.09,7347.79,7376.65
08/02/2025,ACC-001,COP,2366490729.57,3169607.06,40292966.21
2025-02-06,ACC-002,usd,157186.31,249.59,6696.94
2025-06-03,ACC-003,COP,3116764356.69,129655206.98,64493552.3
2025-09-16,ACC-003,COP,2879098439.97,95723245.58,99117413.62
2025-03-07,ACC-004,MXN,49642467.93,338070.19,671253.12
2025-05-19,ACC-002,USD,144485.61,3220.99,5409.65
2025-06-16,ACC-001,COP,3214907800.69,40037305.93,
2025-09-22,ACC-002,USD,76492.31,4380.95,2264.97
13/02/2025,ACC-003,COP,3939685950.38,,196159062.97
08-25-2025,ACC-004,MXN,21225746.33,737416.55,
2025-08-17,ACC-006,USD,149031.87,7439.45,1263.97
2025-04-20,ACC-005,MXN,164893545.38,,1966696.64
08-07-2025,ACC-006,USD,148583.65,,7122.7
2025-01-29,ACC-004,Mexican Peso,76368962.77,,3225035.53
2025-08-07,ACC-003,COP,3054909893.48,71398435.04,140977742.04
16/02/2025,ACC-002,USD,149594.74,580.35,0.0
2025-04-10,ACC-005,MXN,-161888673.61,6852840.42,7767913.47
2025-03-23,ACC-006,USD,198479.75,52.49,12372.46
2025-09-04,ACC-002,USD,100797.74,2059.95,4296.88
2025-02-26,ACC-006,USD,250336.59,5932.85,6008.15
2025-02-12,ACC-006,USD,229384.08,8186.15,7647.33
2025-09-21,ACC-002,USD,74376.33,0.0,1665.35
08/09/2025,ACC-003,COP,2933113894.21,121498089.8,88361559.89
05-22-2025,ACC-006,USD,146729.93,4006.7,5312.92
2025-06-04,ACC-004,MXN,29827832.72,1666607.18,1606656.99
09/01/2025,ACC-003,COP,3996488939.1,181401908.51,146357824.54
2025-05-09,ACC-003,COP,3425754784.77,,132678346.66
03/07/2025,ACC-002,USD,125794.88,3146.8,797.42
2025-03-08,ACC-003,COP,3978144249.72,40160349.49,22433627.41
2025-03-05,ACC-006,USD,242990.42,14049.54,14838.21
2025-01-12,ACC-006,usd,227991.62,0.0,3588.26
2025-02-28,ACC-003,COP,3779094073.78,67303053.94,86349466.35
2025-06-26,ACC-003,Colombian Peso,2920575511.95,61909824.88,45435734.04
06-17-2025,ACC-004,MXN,24090775.34,848465.77,29418.55
2025-01-31,ACC-003,COP,4036789887.63,183446421.55,34225742.3
2025-08-28,ACC-003,COP,2995185958.04,113235416.5,90793229.36
2025-03-03,ACC-001,Colombian Peso,2392334626.17,87597636.93,162807841.46
03-14-2025,ACC-005,MXN,161033384.58,5390077.75,4330125.93
2025-09-24,ACC-002,USD,79707.89,1975.78,11.2
2025-03-20,ACC-002,usd,188245.37293726008,0.0,2424.43
2025-02-28,ACC-005,Mexican Peso,153787072.25,2740267.7,8094213.19
2025-09-02,ACC-001,Colombian Peso,2255026741.21,20461824.9,114245260.05
2025-01-26,ACC-001,COP,2905271906.18,56390009.13,83823179.6
2025-08-11,ACC-001,COP,2371786156.66,49761786.21,0.0
2025-05-04,ACC-005,MXN,151679268.18,2248422.38,1395768.27
2025-04-16,ACC-001,COP,2512401395.32,126223022.16,0.0
14/05/2025,ACC-003,COP,3408747643.75,112437713.57,83401636.39
2025-04-13,ACC-003,COP,3877913393.28,49012196.84,59510046.0
2025-04-19,ACC-005,MXN,164812234.07,2777924.25,946885.13
2025-05-06,ACC-003,COP,3482599465.86,39471140.71,74763431.2
2025-08-28,ACC-002,US Dollar,,2576.76,4917.3
2025-05-12,ACC-001,COP,2601231798.48,,46306995.41
2025-03-29,ACC-005,MXN,156882943.85,1118793.15,2155062.36
2025-06-24,ACC-002,usd,138874.57,0.0,0.0
2025-08-31,ACC-003,COP,2969215198.65,7743234.4,19231103.82
2025-08-27,ACC-002,USD,110764.92,3423.05,2924.6
2025-09-06,ACC-003,cop,2947902193.8,36637655.78,68803236.17
2025-01-25,ACC-003,COP,4094989421.6444073,38760328.57,0.0
2025-03-17,ACC-001,COP,2619115895.18,66854297.78,15686713.32
2025-02-06,ACC-001,COP,2441956444.51,17792858.03,112710841.13
2025-05-01,ACC-006,USD,152366.73,8294.92,7738.92
27/02/2025,ACC-001,COP,,75171172.3,44348089.2
2025-07-16,ACC-001,COP,2555583933.81,47732570.52,114010740.99
31/01/2025,ACC-006,USD,246685.95,4774.34,1888.38
2025-02-15,ACC-004,MXN,54292139.83,0.0,0.0
2025-07-30,ACC-004,MXN,21424327.39,1228516.58,1103318.87
2025-09-24,ACC-005,MXN,107618775.78,3157186.35,3047100.76
2025-09-22,ACC-003,COP,2934534832.9,81675686.63,82670354.63
2025-07-27,ACC-002,USD,123828.19,0.0,5187.84
2025-03-28,ACC-001,COP,2673091978.22,48942423.85,3573324.48
2025-07-04,ACC-006,USD,135826.58,,2518.83
22/01/2025,ACC-003,COP,3991957581.76,90472455.88,119179356.02
2025-03-06,ACC-002,USD,166611.52,3194.1,0.0
2025-07-28,ACC-004,MXN,22201596.19,375134.79,
2025-03-13,ACC-005,MXN,159973432.76,389502.67,4538477.81
2025-07-03,ACC-004,MXN,23219178.89,812842.11,203111.71
2025-06-15,ACC-004,MXN,23563469.93,324739.88,478159.3
2025-06-18,ACC-003,COP,2895056486.7,149841389.57,120219009.51
2025-04-06,ACC-006,usd,181297.64,0.0,3534.78
2025-07-31,ACC-005,MXN,122905106.61,3602856.52,4378045.72
2025-08-05,ACC-005,MXN,115472557.48,4024531.19,4538551.81
2025-09-26,ACC-002,USD,,4382.53,6854.71
2025-04-26,ACC-005,MXN,1569232059.5,0.0,3179593.15
2025-04-28,ACC-004,MXN,32702370.65,1400957.35,355891.07
2025-07-28,ACC-005,MXN,126797660.97,,2836957.43
12/07/2025,ACC-004,MXN,19946004.01,0.0,972289.56
2025-05-29,ACC-002,USD,132900.93,3239.94,8356.95
2025-01-16,ACC-005,MXN,161405274.07,5927741.89,3609569.43
2025-07-24,ACC-006,USD,150948.31,1614.53,3017.37
2025-06-30,ACC-006,USD,127679.57,6011.08,
2025-02-03,ACC-003,cop,4002909966.96,,111976045.38
2025-06-10,ACC-006,USD,125753.25,1526.63,7163.18
2025-03-06,ACC-006,USD,227348.09,1223.37,16865.7
2025-03-04,ACC-002,USD,170518.03,4703.86,0.0
2025-07-15,ACC-003,COP,,89933179.95,125089816.59
2025-07-15,ACC-004,MXN,18685887.02,0.0,1742891.12
04/02/2025,ACC-003,Colombian Peso,3994457754.12,160878700.57,169330913.41
03-21-2025,ACC-006,USD,215606.24,,3996.74
22/05/2025,ACC-005,MXN,136122216.91,2814878.59,5467293.78
2025-05-16,ACC-005,MXN,141333988.94,2147691.51,6143954.21
2025-06-16,ACC-006,USD,123936.97,1470.32,4752.52
2025-09-25,ACC-005,MXN,107882213.68,4734296.72,4470858.81
30/06/2025,ACC-005,MXN,133458937.2,3800011.87,6798720.83
2025-01-08,ACC-005,MXN,156746285.4,5223201.8,5092671.89
2025-08-13,ACC-005,MXN,111973024.01,4203102.27,2052719.98
01-09-2025,ACC-001,Colombian Peso,2705830898.71,102909524.63,21065193.55
2025-07-09,ACC-006,USD,135810.47,1567.29,6727.17
2025-03-24,ACC-006,USD,198592.81,2720.94,2607.88
07/06/2025,ACC-004,MXN,25622163.75,0.0,1662360.76
2025-02-04,ACC-002,USD,168242.09,0.0,7515.52
2025-06-29,ACC-005,MXN,136457646.17,2353843.68,0.0
2025-06-21,ACC-006,USD,124946.69,0.0,680.43
2025-03-16,ACC-001,COP,2567948310.72,97120727.03,42030604.27
12/08/2025,ACC-004,mxn,22720561.49,1302716.41,685875.95
09-10-2025,ACC-002,USD,99514.82,1468.29,1474.49
2025-03-07,ACC-002,USD,167985.98,7613.63,6239.17
2025-01-30,ACC-003,COP,3887569208.38,,124915289.6
2025-02-20,ACC-003,Colombian Peso,3866877769.39,66524716.35,160604375.64
2025-03-30,ACC-001,COP,2718452473.5,135248465.52,44138808.47
2025-03-17,ACC-004,MXN,39632127.76,664038.9,1378252.37
08-06-2025,ACC-001,COP,832981694.2488395,126219909.18,95211437.04683916
2025-06-22,ACC-003,COP,2907920290.48,39764795.33,10609873.34
08/09/2025,ACC-006,USD,148168.05,3261.56,7538.79
2025-06-23,ACC-001,COP,3159725800.04,49665617.77,152603450.49
2025-07-01,ACC-006,USD,131831.65,8564.38,4412.3
2025-08-10,ACC-001,COP,2322024370.45,,109089098.47
2025-02-19,ACC-002,USD,151544.21,6308.58,6444.93
2025-04-12,ACC-006,USD,186757.57,,866.34
2025-05-23,ACC-006,USD,144512.2,1493.64,3711.37
2025-02-14,ACC-005,MXN,153100041.64,4574219.88,6780149.44
2025-09-24,ACC-001,COP,2387307857.15,45975137.45,105989483.52
2025-01-07,ACC-001,COP,2544669116.43,82906062.15,157638270.14
16/02/2025,ACC-004,MXN,55477053.5,1695528.41,510614.74
2025-08-26,ACC-005,MXN,103550495.9,4298694.23,4576138.63
2025-07-18,ACC-003,COP,3006441286.59,148237601.04,50698147.19
2025-05-19,ACC-001,COP,2416702188.16,26222436.81,10057562.87
13/06/2025,ACC-001,COP,3130278984.13,0.0,97898253.9
2025-01-25,ACC-006,USD,240666.31,2319.68,5872.61
2025-02-24,ACC-003,COP,3840815894.38,138002877.13,116843763.19
08-09-2025,ACC-006,USD,137962.7,1329.2,8455.26
2025-05-04,ACC-006,USD,154403.48,5466.45,2905.82
05-17-2025,ACC-005,MXN,139636867.5,256781.91,1953903.34
2025-08-28,ACC-004,MXN,20042234.19,0.0,1702735.16
2025-08-19,ACC-006,US Dollar,145424.09,4297.39,5910.91
2025-08-25,ACC-005,MXN,103913522.9726803,3065021.51,3336729.83
2025-09-11,ACC-002,USD,97165.76,1915.34,4264.4
2025-04-18,ACC-006,USD,176529.64,6407.54,11084.2
2025-09-24,ACC-003,COP,2935072496.99,87082149.63,96539311.29
2025-02-21,ACC-004,MXN,54576744.71,600001.55,5318054.71
2025-06-23,ACC-004,MXN,25650491.11,945573.11,746793.47
2025-02-08,ACC-003,COP,3933862207.19,48003889.14,110004241.06
2025-04-26,ACC-004,MXN,32634497.63,0.0,657125.39
2025-01-20,ACC-001,COP,2926355012.42,28583779.22,146953069.49
2025-09-06,ACC-006,USD,149332.39,0.0,1463.22
2025-04-04,ACC-003,COP,4001618746.83,88088610.91,157215516.15
2025-04-21,ACC-004,MXN,31623659.96,399482.18,1043189.98
03-20-2025,ACC-003,COP,3743230766.61,114141229.28,142197785.24
2025-02-05,ACC-006,usd,228762.76,10144.37,9263.54
2025-04-26,ACC-003,COP,3728996733.94,761491.86,79372255.09
2025-06-25,ACC-004,Mexican Peso,24658097.58,565215.06,562111.21
02/04/2025,ACC-004,MXN,32783538.67,,645434.44
18/05/2025,ACC-001,COP,2400537314.23,119769023.89,52370004.36
2025-01-18,ACC-003,COP,3910189177.77,50940901.5,53169313.58
2025-06-07,ACC-003,COP,2943033670.04,0.0,95479740.5
2025-01-19,ACC-006,USD,239960.69,0.0,2245.92
2025-02-27,ACC-004,MXN,54698738.64,830714.96,3404186.99
2025-09-21,ACC-005,MXN,104849975.93,0.0,1102144.67
2025-06-28,ACC-002,USD,132340.72,0.0,0.0
2025-04-09,ACC-002,USD,164002.04,7490.53,7915.55
2025-08-04,ACC-006,USD,146217.69,5748.66,3153.19
2025-05-07,ACC-004,MXN,34951506.63,397858.23,0.0
27/02/2025,ACC-002,USD,169083.52,7034.81,6469.06
02-17-2025,ACC-002,USD,149222.97,3558.91,3930.68
2025-07-09,ACC-005,MXN,138004764.99,4998937.2,5298779.11
2025-05-05,ACC-006,USD,153068.1,6313.63,7649.0
2025-09-16,ACC-002,USD,83147.63,2763.58,3368.83
14/09/2025,ACC-002,USD,89002.86,1326.22,5765.63
2025-03-29,ACC-001,COP,2627342816.44,0.0,45749161.78
2025-07-29,ACC-002,USD,115635.54,3500.33,4691.86
2025-03-10,ACC-002,USD,175799.01,13160.93,6847.87
2025-04-14,ACC-004,MXN,31243043.48,1784817.37,2518641.59
28/04/2025,ACC-003,COP,3631566021.04,131414853.3,185623959.34
2025-05-29,ACC-001,COP,2690593283.44,99170209.12,60197448.31
2025-01-01,ACC-006,USD,226058.54,9428.79,3370.25
2025-07-07,ACC-006,USD,137700.46,6553.53,2559.45
2025-01-29,ACC-001,COP,2710356483.09,65706413.79,197145390.49
2025-09-04,ACC-001,COP,2244058481.26,52335949.35,99314483.12
2025-04-06,ACC-002,USD,162295.5,3377.5,2250.8
16/04/2025,ACC-004,MXN,31143204.2,1602509.22,1030946.12
2025-06-19,ACC-006,USD,123323.32,2184.72,3865.12
2025-04-08,ACC-006,USD,183618.32,3661.76,2526.3
2025-07-18,ACC-001,COP,-2615645702.74,126746523.06,
2025-05-14,ACC-004,MXN,31559080.17,0.0,1246243.08
24/05/2025,ACC-005,MXN,133423805.18,1099251.4,1096612.85
2025-07-24,ACC-003,COP,3022936917.04,100665172.24,102188683.41
2025-08-05,ACC-006,usd,147406.66,4500.21,3311.24
07-12-2025,ACC-001,COP,2623445843.62,0.0,0.0
2025-05-15,ACC-002,USD,146597.49,3506.95,5396.71
29/05/2025,ACC-005,Mexican Peso,135287922.57,5331354.82,3462767.27
2025-08-02,ACC-002,USD,120166.25,,0.0
2025-06-08,ACC-001,COP,2902437307.47,39123307.16,0.0
2025-02-15,ACC-002,USD,149014.39,6720.74,9694.82
2025-09-14,ACC-001,COP,2203863751.19,31805120.67,23375852.89
2025-01-08,ACC-001,COP,2623986567.63,106081488.11,26764036.92
2025-04-14,ACC-006,USD,188097.57,8737.06,5986.82
2025-09-09,ACC-003,COP,2964007549.17,104131482.68,73237827.72
2025-09-15,ACC-005,MXN,106285095.27,2957688.02,3820339.35
2025-04-25,ACC-002,USD,,713.62,10637.66
2025-04-03,ACC-006,USD,184505.8,,6788.73
27/06/2025,ACC-001,COP,2847532254.14,158494708.65,105702520.44
13/04/2025,ACC-004,MXN,31976867.71,0.0,1091720.82
31/01/2025,ACC-004,MXN,75102679.7,0.0,93069.49
2025-02-14,ACC-002,USD,151988.47,1383.8,0.0
2025-03-29,ACC-002,USD,179395.9,1386.02,0.0
2025-08-23,ACC-005,MXN,,398385.01,1286584.15
2025-02-01,ACC-004,MXN,71373634.56,0.0,3729045.14
2025-01-29,ACC-002,USD,163736.1,,8133.74
2025-07-05,ACC-002,USD,125763.26,0.0,2663.66
2025-01-04,ACC-003,COP,4027436255.54,0.0,0.0
2025-05-03,ACC-003,COP,3503486004.63,50469953.62,79389626.22
2025-02-26,ACC-003,COP,3806770095.78,105708535.89,152208875.97
2025-08-01,ACC-004,mxn,23053785.95,0.0,50134.28
27/03/2025,ACC-005,MXN,157770344.39,3295005.9,2587600.18
2025-05-26,ACC-003,COP,3048964118.33,46466647.79,126053089.85
2025-09-15,ACC-002,USD,83752.88,218.39,5468.36
2025-02-15,ACC-006,USD,233516.09,7805.13,2550.12
2025-06-09,ACC-001,COP,,158878252.49,7379183.96
2025-09-17,ACC-003,COP,2949502818.42,131798452.97,61394074.53
2025-01-03,ACC-001,COP,2561627958.95,0.0,0.0
2025-04-01,ACC-002,USD,171956.76,4959.27,9637.26
04-30-2025,ACC-006,USD,151810.72,3628.83,3138.25
2025-07-22,ACC-001,COP,2777829263.71,117451741.97,69205941.57
2025-07-13,ACC-005,MXN,133224268.72,1212426.47,4505960.8
2025-04-16,ACC-006,USD,175931.31,4154.24,11026.5
2025-01-15,ACC-005,mxn,159087101.61,7872392.0,5889821.98
2025-04-23,ACC-001,COP,2442791775.9,,92611320.39
2025-05-28,ACC-006,USD,131507.79,2981.13,2690.35
2025-09-04,ACC-004,MXN,21158179.02,1190085.89,787840.41
2025-02-07,ACC-002,USD,158368.46,2179.86,997.71
2025-07-31,ACC-004,MXN,23103920.23,1874486.1,194893.26
06-02-2025,ACC-002,USD,147667.22,4849.51,5843.81
2025-05-26,ACC-004,MXN,29080761.64,199683.51,1433727.24
2025-06-03,ACC-005,MXN,133557378.13,3486837.64,6161080.98
08-27-2025,ACC-005,MXN,103224046.48,2765616.91,3092066.33
2025-04-13,ACC-005,MXN,165805653.49,6128155.19,4532354.85
05-13-2025,ACC-005,MXN,144759608.35,4544936.32,6351885.76
25/05/2025,ACC-005,MXN,133250169.71,2627069.19,
2025-07-09,ACC-002,USD,137439.28,7444.61,0.0
02-19-2025,ACC-003,COP,3960957428.68,133669991.5,143647456.27
2025-04-01,ACC-006,USD,187193.09,6544.66,8592.88
2025-08-11,ACC-003,COP,3041666375.96,79696759.94,132404526.58
2025-01-06,ACC-004,MXN,79584565.64,0.0,567226.5
18/01/2025,ACC-005,MXN,161599100.92,2188715.97,0.0
22/09/2025,ACC-004,MXN,18845837.67,365488.0,686576.04
2025-06-29,ACC-002,USD,135196.3,2855.58,0.0
2025-08-11,ACC-005,MXN,110927869.75,4550242.38,2507077.99
2025-05-20,ACC-003,COP,3377754690.04,87785209.56,99865812.9
2025-06-02,ACC-003,COP,3051602702.01,38876516.69,102625383.59
2025-01-28,ACC-006,USD,244100.02,10922.64,3319.51
22/03/2025,ACC-001,COP,2424256729.37,0.0,0.0
2025-03-12,ACC-005,MXN,164122407.9,4110894.33,3783633.92
2025-07-16,ACC-003,COP,2914040692.814577,85328624.97,26844552.53
2025-02-11,ACC-005,MXN,155514670.31,2563081.51,6609987.69
2025-05-11,ACC-006,USD,144319.08,0.0,1810.32
2025-07-12,ACC-005,MXN,136517803.06,1570341.03,1078531.66
2025-08-15,ACC-005,MXN,108511432.41,2611770.48,3059322.01
2025-08-04,ACC-001,COP,2310481007.65,9593087.16,105564893.66
2025-01-19,ACC-005,MXN,161155706.75,1647814.68,2091208.85
2025-01-31,ACC-001,COP,2519683033.08,0.0,60975474.71
2025-08-31,ACC-001,COP,2427070064.95,25627126.04,20684509.34
2025-03-13,ACC-006,USD,226343.64,8798.42,9769.34
2025-02-07,ACC-005,MXN,157800267.98,3279362.74,3404970.2
12/04/2025,ACC-003,cop,3888411242.43,0.0,
2025-06-06,ACC-003,COP,3038513410.54,75580278.95,112633796.13
2025-07-29,ACC-001,COP,2470395239.47,72568153.91,168998918.64
2025-05-09,ACC-005,MXN,142854199.56,3231497.84,3679887.51
2025-08-19,ACC-003,cop,3069943359.64,85197086.81,125657922.19
2025-08-01,ACC-003,COP,3112485353.5,87581768.06,116179864.21
11/04/2025,ACC-006,USD,182634.63,3901.96,1970.11
15/06/2025,ACC-002,USD,138109.23,2385.65,0.0
2025-04-20,ACC-006,USD,171059.81,0.0,4653.28
2025-05-02,ACC-006,USD,152788.45,4626.88,4205.16
2025-07-27,ACC-006,USD,149010.45,2449.18,3608.92
2025-08-26,ACC-006,USD,149198.99,5998.09,803.64
06-17-2025,ACC-006,USD,124813.38,5747.42,4871.01
2025-05-29,ACC-003,COP,,109736072.4,104218097.01
2025-01-12,ACC-003,COP,3995064143.04,71846061.76,71898538.67
2025-01-05,ACC-003,COP,4061667247.55,74638256.33,40407264.32
2025-03-24,ACC-005,MXN,165120041.98,1050722.18,6333361.25
2025-01-23,ACC-004,MXN,71766428.01,4473658.94,756272.44
2025-04-02,ACC-005,MXN,158796785.96,1532676.44,4882918.07
2025-08-20,ACC-004,MXN,22303045.34,0.0,850990.5
2025-06-16,ACC-004,MXN,23271728.12,0.0,291741.82
24/06/2025,ACC-003,cop,-2890859520.02,105959244.11,114391526.36
2025-05-14,ACC-002,USD,148487.25,3981.35,1035.66
2025-06-22,ACC-005,MXN,137279776.66540068,3312918.87,3013788.43
2025-04-03,ACC-002,USD,163075.91,1980.67,10506.04
02/01/2025,ACC-002,USD,178373.03,6194.23,5035.63
2025-07-16,ACC-002,USD,128746.74,6943.83,8460.32
05-27-2025,ACC-004,MXN,30434638.69,1353877.05,0.0
2025-05-18,ACC-006,USD,161260.26,2231.72,2844.1
2025-05-26,ACC-005,MXN,132807879.78,3284500.55,3726790.48
03/02/2025,ACC-005,MXN,158036865.95,5011105.43,6010425.92
2025-01-08,ACC-002,USD,173381.65,4887.71,4472.63
2025-05-16,ACC-006,USD,160667.75,7195.34,4942.62
2025-08-15,ACC-006,USD,142610.6,5141.23,4250.11
2025-06-21,ACC-005,MXN,137026279.5,3013071.56,2407072.33
2025-06-21,ACC-002,USD,137178.8,0.0,0.0
2025-07-02,ACC-003,COP,2736837474.52,78662092.46,96126239.22
2025-09-22,ACC-006,USD,157324.38,5998.33,1560.77
2025-09-04,ACC-003,COP,2991771884.41,99816153.86,95202563.94
2025-07-21,ACC-005,MXN,125603165.6,5466599.09,6166605.33
06-22-2025,ACC-002,USD,134630.25,0.0,2548.55
2025-01-30,ACC-002,USD,169439.55,5703.45,0.0
2025-01-10,ACC-005,MXN,157605185.87,5634776.35,4420532.39
2025-04-16,ACC-002,USD,166085.48,4999.53,4302.53
2025-06-17,ACC-005,MXN,136478299.96,,7483126.53
2025-06-15,ACC-005,MXN,136491352.1,2711761.89,778056.79
2025-01-17,ACC-001,cop,3058789206.46,52302946.13,35455909.97
2025-04-07,ACC-004,MXN,33514830.54,1272560.07,1058515.24
2025-02-17,ACC-005,MXN,157473459.15,6226599.62,3114312.95
2025-02-10,ACC-005,MXN,159561576.5,6626831.73,3751068.38
2025-07-22,ACC-002,USD,122424.11,,3013.8
2025-02-27,ACC-005,MXN,159141017.74,4831630.91,210487.18
2025-01-24,ACC-003,COP,,190252743.5,123671547.94
2025-03-03,ACC-004,Mexican Peso,51658358.5,2233863.35,0.0
06-09-2025,ACC-006,USD,131389.8,4532.25,168.83
2025-07-30,ACC-003,COP,3116313222.61,75949487.32,80371303.84
2025-04-29,ACC-002,usd,144067.81,1209.84,5943.09
2025-01-23,ACC-001,COP,2850372643.11,94254997.05,107283672.6
2025-03-30,ACC-004,MXN,33481799.61,73472.19,281574.4
2025-06-20,ACC-006,US Dollar,125627.12,6029.97,3726.16
2025-09-14,ACC-006,USD,152810.12,3371.66,0.0
2025-05-05,ACC-001,COP,2449558150.02,228553865.89,6037140.23
2025-06-03,ACC-002,USD,154245.99,13818.27,7239.49
2025-08-13,ACC-004,MXN,23170450.13,1043346.77,593458.14
2025-08-22,ACC-003,COP,3080649074.61,38008732.27,74715535.88
2025-03-12,ACC-004,MXN,47263788.23,0.0,413448.52
2025-05-26,ACC-006,USD,136505.09,5499.49,
2025-07-20,ACC-002,USD,123096.98,2027.11,3812.39
2025-07-01,ACC-003,COP,2754301621.28,45710115.37,131755324.12
03-08-2025,ACC-005,MXN,159225119.47,3767335.68,1338088.16
17/05/2025,ACC-003,COP,3347875409.0834885,0.0,55541697.08
2025-05-23,ACC-001,COP,2550217600.0,5815042.84,52488040.65
2025-02-20,ACC-001,COP,2303236769.7,49496785.56,155339125.26
2025-02-23,ACC-004,Mexican Peso,56219096.66,0.0,0.0
2025-07-21,ACC-006,USD,151798.59,6371.38,7298.72
18/01/2025,ACC-005,MXN,161680280.27365047,2188715.97,0.0
2025-03-25,ACC-003,COP,3939431533.49,100742182.8,54200832.26
2025-05-11,ACC-005,MXN,143995347.14,,
2025-03-23,ACC-001,COP,2582346736.92,158090007.56,0.0
2025-06-13,ACC-003,COP,2995707693.59,98122104.02,116078760.6
2025-08-01,ACC-002,USD,119344.75,3411.48,548.06
2025-02-21,ACC-002,USD,149742.16,10273.84,5124.25
2025-02-11,ACC-006,USD,228845.27,8676.29,11098.45
2025-08-24,ACC-002,USD,108374.72,0.0,4709.52
2025-05-07,ACC-005,MXN,143945729.41,1875950.95,2543235.62
18/08/2025,ACC-006,USD,147037.61,1213.9,3208.16
2025-03-08,ACC-001,COP,2691582543.7,73520963.9,19104773.83
2025-03-17,ACC-006,USD,220516.28,6263.91,12101.75
2025-07-13,ACC-003,COP,2888163266.52,0.0,0.0
2025-05-07,ACC-006,USD,152138.02,3794.84,0.0
2025-09-19,ACC-003,COP,,124037329.77,51721334.19
2025-07-22,ACC-005,MXN,127958358.48,5191893.14,2836700.27
2025-04-08,ACC-004,MXN,34083547.74,1176548.46,
2025-02-01,ACC-001,COP,2490992078.52,40488349.82,69179304.37
05-28-2025,ACC-002,USD,138017.93,2060.58,1946.24
2025-03-13,ACC-004,MXN,47774812.39,524511.06,13486.9
2025-04-03,ACC-003,COP,-4070745652.07,120266184.13,125730749.85
2025-08-03,ACC-005,MXN,119810846.39,1815607.8,2290461.38
2025-04-27,ACC-005,MXN,154430011.19,0.0,2493194.76
2025-03-06,ACC-001,COP,2584811627.6,36017187.97,22720884.57
2025-09-24,ACC-006,USD,147636.55,2113.72,6864.5
2025-03-19,ACC-001,COP,662282609.7035729,73562705.86,555749382.0465696
2025-08-10,ACC-002,USD,119953.05,2011.95,3336.55
2025-09-05,ACC-005,MXN,108999173.1,3235588.67,2838959.32
2025-01-11,ACC-006,USD,231579.88,3449.71,7577.76
2025-09-20,ACC-002,USD,76041.68,0.0,892.04
2025-03-07,ACC-001,COP,2637166353.63,52354726.03,0.0
2025-02-25,ACC-006,USD,250411.89,5160.91,6684.76
27/01/2025,ACC-002,USD,171858.86,10704.82,0.0
2025-02-21,ACC-003,COP,3803728963.64,85063124.88,148211930.63
2025-08-16,ACC-003,COP,3133876907.68,97735659.24,9764327.94
2025-07-04,ACC-003,COP,2755900157.18,,71778050.07
2025-03-28,ACC-003,COP,3904960060.07,87161875.64,138550161.55
2025-04-30,ACC-005,MXN,151628741.5,3623985.89,5828277.16
2025-06-13,ACC-003,COP,2993118496.138303,98122104.02,116078760.6
2025-08-01,ACC-006,USD,147265.54,4987.43,
2025-09-09,ACC-001,COP,2207392649.91,26202623.07,0.0
2025-06-06,ACC-006,USD,127562.24,3051.83,4353.0
2025-08-11,ACC-006,USD,134998.79,3289.04,5143.62
06-22-2025,ACC-004,MXN,25451711.48,0.0,715753.87
04-27-2025,ACC-006,usd,156336.59,4634.18,4473.79
2025-06-16,ACC-003,COP,2808696574.88,41478828.19,129207724.91
2025-08-06,ACC-002,USD,120192.49,1204.02,1343.9
2025-01-04,ACC-002,USD,180535.18,2854.92,0.0
2025-09-18,ACC-005,MXN,105906087.13,4427321.39,3115231.62
2025-03-25,ACC-006,USD,195159.61,7477.43,10910.63
2025-06-03,ACC-004,MXN,29767882.54,,43672.39
2025-03-09,ACC-004,MXN,50303301.4,2232707.06,1571873.58
2025-03-31,ACC-005,MXN,159798731.2,6470687.51,6461800.46
01/06/2025,ACC-006,USD,132397.1,5274.56,0.0
2025-05-22,ACC-002,USD,143252.86,961.66,0.0
2025-05-08,ACC-003,COP,3439144586.32,119308267.37,176918108.7
2025-05-30,ACC-001,COP,2582431737.23,0.0,108161546.21
2025-04-15,ACC-003,COP,3857027990.31,191115149.09,153709216.32
2025-09-11,ACC-005,MXN,108689181.88,2835715.02,3193577.37
2025-08-07,ACC-001,COP,842474607.1294748,40938695.93,30733776.14755878
2025-08-28,ACC-001,COP,2535899261.99,81951880.96,263427311.24
2025-09-10,ACC-003,COP,3002585509.97,85382203.32,
2025-07-11,ACC-001,COP,2623445843.62,0.0,1860868.98
2025-03-05,ACC-002,USD,163417.43,0.0,7100.6
2025-01-23,ACC-005,MXN,161615630.99,6518693.56,4641441.85
2025-06-02,ACC-004,MXN,29443320.63,811620.99,0.0
2025-08-16,ACC-004,MXN,23361613.808311436,,0.0
2025-09-20,ACC-006,USD,154721.63,2419.85,599.42
2025-06-29,ACC-006,USD,126079.84,243.86,1022.88
2025-09-22,ACC-005,Mexican Peso,107991915.72,4494753.08,1352813.28
2025-02-12,ACC-003,COP,3921814939.97,79275476.64,92035948.15
16/08/2025,ACC-006,USD,142856.39,410.21,164.41
2025-04-24,ACC-005,MXN,158567721.11,2262021.97,6290108.82
2025-01-30,ACC-004,MXN,75195749.2,627718.28,1800931.86
2025-03-29,ACC-003,COP,3898051920.51,18533271.51,25441411.07
2025-02-23,ACC-002,USD,152659.78,3622.37,0.0
2025-01-17,ACC-006,USD,241035.86,13073.36,5860.76
2025-08-27,ACC-003,Colombian Peso,2972743770.9,68690426.3,
2025-09-24,ACC-004,MXN,,84407.25,0.0
2025-05-10,ACC-004,MXN,35598286.3,1848152.86,0.0
2025-06-17,ACC-002,USD,139659.59,0.0,0.0
2025-04-30,ACC-001,COP,2270047293.51,7929661.91,43258103.29
2025-02-21,ACC-005,MXN,155195205.16,4863865.95,4657444.11
2025-08-04,ACC-005,Mexican Peso,115986578.1,2595986.43,6420254.72
05/08/2025,ACC-004,MXN,23431780.82,1602500.9,2912704.4
2025-09-01,ACC-005,MXN,108379767.19,4932818.17,2855675.15
2025-03-18,ACC-001,COP,695341079.6585962,0.0,147648863.96102852
2025-09-01,ACC-004,MXN,21560030.03,1449344.06,11698.86
2025-04-01,ACC-004,MXN,32745662.91,959155.97,1507333.27
12/04/2025,ACC-002,USD,163064.02,0.0,0.0
2025-04-29,ACC-005,MXN,153833032.76,3953317.81,4662065.67
2025-04-05,ACC-002,USD,161218.2828150435,0.0,0.0
12/05/2025,ACC-004,MXN,34172285.94,567500.69,
2025-02-07,ACC-003,COP,3995862559.1,147189754.37,131777303.62
2025-01-10,ACC-004,Mexican Peso,73295620.02,2207450.72,1889130.08
2025-07-11,ACC-005,MXN,136025993.69,3693067.75,5495900.62
2025-06-07,ACC-005,MXN,131871830.11,389559.62,
2025-03-26,ACC-006,USD,193283.19,6043.87,7920.29
11/03/2025,ACC-005,mxn,163795147.49,4099206.26,4759134.1
2025-03-18,ACC-004,MXN,36335418.27,0.0,3296709.48
2025-06-08,ACC-004,MXN,25904037.21,281873.47,0.0
2025-09-03,ACC-003,COP,2987158294.48,90324678.85,88979137.06
2025-07-17,ACC-005,MXN,130269041.1,4389885.0,3652750.46
2025-09-14,ACC-005,MXN,107147746.6,,1911045.85
2025-02-01,ACC-002,USD,179239.81,6478.26,42.9
05-30-2025,ACC-003,COP,3048659135.84,101744928.79,144479739.67
2025-01-03,ACC-004,MXN,87223219.29,3217332.09,5932475.48
2025-09-09,ACC-004,MXN,20842195.09,122823.39,729922.43
2025-08-25,ACC-001,COP,2524801558.61,58600289.3,93780161.31
2025-02-05,ACC-005,MXN,162927315.34,5601817.38,3411545.16
2025-03-12,ACC-006,USD,227314.56,6380.77,11247.06
2025-08-18,ACC-002,USD,17471.783116087656,3729.9,13415.455428263724
2025-01-29,ACC-006,USD,244736.7,9661.82,9025.14
27/09/2025,ACC-004,MXN,19392053.57,607211.48,0.0
2025-09-12,ACC-003,COP,2876742981.27,58392470.84,
02-04-2025,ACC-006,USD,227881.94,9670.18,9935.46
2025-06-30,ACC-004,MXN,22849351.96,786758.87,340220.69
04-01-2025,ACC-005,MXN,162147027.59,,4809827.28
2025-05-05,ACC-004,Mexican Peso,8341061.872747414,639471.87,3810235.93277863
2025-04-28,ACC-002,USD,148801.06,4526.22,5396.54
01/05/2025,ACC-002,USD,147495.94,4279.97,4491.09
2025-07-23,ACC-003,COP,3024460428.21,114933000.47,54146228.28
2025-03-24,ACC-002,USD,194893.21,9567.94,2342.25
2025-08-24,ACC-001,COP,2559981430.62,52032742.37,6595760.96
2025-03-08,ACC-006,USD,226281.97,5854.01,0.0
2025-07-30,ACC-002,USD,118840.6,7208.43,4003.37
2025-01-28,ACC-003,COP,3905832974.52,112594410.97,178258428.34
2025-03-02,ACC-005,MXN,156559569.94,3769568.45,2002011.15
2025-02-19,ACC-006,USD,239630.29,9101.89,5269.27
2025-07-13,ACC-006,USD,135499.54,0.0,0.0
2025-08-07,ACC-005,MXN,115193238.46,4845367.12,3986722.81
2025-05-01,ACC-001,COP,2221093824.42,18338532.9,67292001.99
22/03/2025,ACC-006,USD,210799.73,0.0,4806.52
08-03-2025,ACC-004,MXN,23496526.96,348783.25,0.0
2025-01-07,ACC-005,MXN,156615755.49,4199063.54,3084198.89
27/04/2025,ACC-004,mxn,31657304.37,98551.7,1075744.96
2025-09-03,ACC-002,USD,103034.66,5442.08,3650.37
2025-08-12,ACC-001,COP,2449978644.63,134434168.54,
2025-05-27,ACC-005,MXN,134360025.5,4702900.79,3150755.07
03-15-2025,ACC-003,COP,3781876286.35,72058607.79,26277929.62
2025-02-03,ACC-004,MXN,67321371.8,956921.21,2724770.18
2025-02-22,ACC-001,COP,2218515310.83,0.0,17134153.99
2025-06-26,ACC-006,USD,125852.42,2100.17,3941.05
2025-08-04,ACC-002,USD,121532.37,2975.05,3651.14
2025-08-20,ACC-006,USD,144867.51,5572.93,6129.51
2025-01-09,ACC-004,MXN,72977299.38,0.0,4758567.85
2025-06-05,ACC-001,COP,2704367599.12,158132329.58,114344166.68
2025-03-02,ACC-003,COP,3841443115.09,0.0,30737597.77
2025-09-09,ACC-005,mxn,109861510.81,2888742.97,1928848.62
2025-09-06,ACC-001,COP,2160199516.76,0.0,
2025-08-10,ACC-003,COP,3094374142.59,29925398.24,33821206.56
2025-06-13,ACC-006,USD,130828.19,5215.28,
2025-02-20,ACC-005,MXN,154988783.32,982745.72,3811645.43
2025-01-03,ACC-003,COP,4027436255.54,124871204.54,112075385.7
2025-09-11,ACC-003,COP,2897882077.12,19686652.82,124390085.66
2025-03-03,ACC-005,MXN,157542735.57,6426677.18,5443511.55
2025-04-13,ACC-006,USD,185345.13349623204,1095.62,2505.86
2025-03-30,ACC-003,COP,3926625926.1,76966828.72,48392823.13
2025-05-31,ACC-001,COP,2724940018.44,,0.0
2025-01-22,ACC-002,USD,175193.81,4169.88,1824.82
2025-04-22,ACC-002,USD,154645.24,6927.72,6918.11
2025-05-27,ACC-003,COP,3104154220.77,103812809.9,48622707.46
03-29-2025,ACC-004,MXN,33689901.82,0.0,102358.67
14/02/2025,ACC-004,MXN,54292139.83,3190701.0,1422419.35
2025-09-19,ACC-004,MXN,19984222.05,2080627.37,820628.97
02/02/2025,ACC-005,MXN,159101947.44257033,161868.29,
2025-07-07,ACC-005,MXN,137539088.68,3941516.73,5923565.38
2025-02-24,ACC-006,USD,251935.73,8417.84,2797.99
2025-03-23,ACC-004,MXN,33704910.69,0.0,0.0
2025-09-24,ACC-004,MXN,,84407.25,0.0
2025-03-17,ACC-003,cop,3792701719.69,92592589.69,78490259.33
2025-06-04,ACC-001,COP,2660579436.22,,206717133.8
2025-03-11,ACC-006,US Dollar,,10969.43,7580.09
03-11-2025,ACC-001,COP,2585833800.519438,211855221.56,277937584.37
2025-02-22,ACC-002,USD,149037.41,786.67,1491.42
2025-07-23,ACC-005,MXN,127397681.69,4096388.32,4657065.11
2025-03-24,ACC-001,COP,2689605566.23,131602148.59,24343319.28
2025-08-31,ACC-002,usd,107132.2,0.0,593.7
2025-07-06,ACC-005,mxn,139521137.33,2015250.39,1988513.33
2025-04-30,ACC-004,MXN,32762067.45,1314547.41,0.0
08/01/2025,ACC-006,US Dollar,229489.81,6430.96,7615.32
2025-01-11,ACC-001,COP,2783608218.16,20388255.22,0.0
2025-01-22,ACC-004,mxn,68049041.52,1946806.6,6215620.69
02-02-2025,ACC-001,COP,2483885237.31,74183399.35,81290240.57
2025-06-27,ACC-006,USD,126897.91,2923.85,1878.36
2025-05-24,ACC-002,USD,138886.17,1748.72,1447.91
2025-02-10,ACC-003,cop,3893586941.23,71318151.34,111593417.3
2025-07-25,ACC-005,MXN,,6551139.82,4770718.32
2025-08-13,ACC-006,USD,139529.94,7741.42,4863.05
2025-03-16,ACC-003,COP,3778599389.33,66543640.03,69820537.04
24/08/2025,ACC-004,MXN,21716689.09,393147.48,697678.96
2025-07-24,ACC-004,MXN,21879211.59,776827.91,379313.24
2025-03-31,ACC-001,COP,2685527632.87,73490757.93,106415598.56
2025-03-03,ACC-006,USD,,9560.67,3937.67
2025-03-03,ACC-003,COP,3853836510.1,131386063.45,118992668.45
2025-05-14,ACC-001,COP,2543145435.75,86775810.36,104466519.77
2025-01-16,ACC-003,COP,,174814186.49,114077874.83
2025-08-10,ACC-004,MXN,22239035.3,450719.42,540139.34
2025-09-13,ACC-006,usd,149438.45,1884.23,1773.61
2025-02-20,ACC-002,USD,144592.57,16.96,6968.6
2025-04-26,ACC-006,USD,156176.2,129.47,4140.05
2025-05-12,ACC-005,MXN,146566557.8,6551630.72,
2025-08-23,ACC-006,USD,141603.99,0.0,0.0
2025-04-05,ACC-003,COP,4000686142.0,74039911.07,74972515.9
2025-01-13,ACC-003,COP,3915240331.21,76012580.33,155836392.16
2025-09-03,ACC-004,MXN,20755933.53,870310.99,978316.16
04/09/2025,ACC-005,MXN,108602543.74,4567942.94,2528956.64
2025-09-14,ACC-003,COP,2890428783.78,29520051.94,15834249.44
2025-02-03,ACC-006,USD,228147.21,647.38,14081.72
2025-03-10,ACC-006,usd,228791.51,8741.18,8089.87
06-24-2025,ACC-001,COP,2942024717.27,0.0,217701082.77
15/08/2025,ACC-003,Colombian Peso,3045905576.38,118956847.26,
2025-09-03,ACC-001,cop,2291037015.03,128834582.66,92824308.84
2025-01-01,ACC-005,MXN,150333622.32,3717692.03,3384069.71
2025-03-30,ACC-006,USD,,0.0,920.47
2025-05-26,ACC-001,COP,2516653710.08,60377498.88,91236790.64
2025-04-01,ACC-001,COP,2753110227.51,168248423.13,100665828.49
2025-05-23,ACC-003,COP,3203342162.59,84748338.01,115688593.33
2025-02-10,ACC-002,USD,,3242.8,
2025-04-04,ACC-001,cop,2649871571.92,88690958.0,3560564.02
2025-08-10,ACC-005,MXN,108884705.37,1215505.12,1622663.61
2025-04-25,ACC-004,MXN,33291623.02,635904.91,1785477.95
2025-02-23,ACC-006,USD,246315.87,8992.65,0.0
2025-08-14,ACC-004,MXN,23627728.54,457278.41,0.0
2025-09-01,ACC-001,COP,2348810176.36,25515642.17,103775530.76
2025-02-01,ACC-005,MXN,161317140.97,2058062.65,777709.1
2025-08-03,ACC-001,COP,2406452814.16,0.0,55695485.31
28/04/2025,ACC-005,MXN,154541780.62,3262389.85,3150620.42
2025-07-08,ACC-004,MXN,22666262.07,877936.01,656599.35
2025-02-13,ACC-004,MXN,52523858.18,881859.08,2140222.4
2025-06-05,ACC-002,USD,148849.43,3386.42,3303.36
2025-04-19,ACC-006,USD,175713.1,6291.31,7107.84
2025-03-04,ACC-005,MXN,157378182.01,5448708.67,5613262.24
2025-03-05,ACC-005,MXN,154576941.43,5819039.89,8620280.46
2025-08-15,ACC-001,COP,2442371163.23,193394381.5,206035730.01
2025-01-05,ACC-006,USD,230573.32,3791.67,2545.46
2025-01-01,ACC-001,COP,2579043824.12,94044817.48,15000993.36
2025-05-12,ACC-002,USD,145287.73,5374.45,5766.84
2025-01-24,ACC-005,MXN,159847860.04,4111249.22,5879020.17
2025-03-26,ACC-001,COP,2707656967.02,70974219.18,84298549.74
2025-06-12,ACC-001,COP,3228177238.03,237776438.25,158282307.57
2025-04-25,ACC-001,Colombian Peso,2437033946.79,21473159.51,61468512.42
2025-05-11,ACC-003,COP,3477200379.83,14167402.9,60169118.49
2025-04-05,ACC-005,Mexican Peso,162905322.82,4372342.31,3284006.19
07-08-2025,ACC-005,Mexican Peso,138304606.89,2935988.02,2170469.8
2025-03-21,ACC-004,mxn,33024193.85,0.0,2711273.41
2025-03-27,ACC-003,COP,3956348345.98,158145467.57,188021960.5
2025-01-12,ACC-005,MXN,159948694.29857254,0.0,445455.5
2025-05-23,ACC-004,MXN,31252455.06,1447710.35,0.0
25/09/2025,ACC-003,COP,2893682078.15,68150283.97,109540702.8
2025-09-16,ACC-001,COP,2295023606.69,103880700.08,32895062.7
2025-03-26,ACC-003,Colombian Peso,3986224838.91,111424279.59,64630974.17
2025-01-17,ACC-004,Mexican Peso,62769470.03,2820605.83,1250367.66
2025-08-23,ACC-001,COP,2514544449.22,95898895.32,0.0
2025-05-16,ACC-001,COP,2470396939.75,30398208.93,101434592.95
18/03/2025,ACC-003,COP,3736924963.47,68870595.98,124647352.21
2025-02-12,ACC-001,COP,2369590098.908658,257832.12,109505637.81
2025-01-27,ACC-004,MXN,73411566.54,2528883.64,3378950.37
02-02-2025,ACC-004,MXN,69089220.77,0.0,2284413.8
30/05/2025,ACC-004,mxn,31402732.34,630263.2,0.0
2025-02-22,ACC-003,COP,3848969044.78,45240081.14,0.0
2025-03-15,ACC-002,USD,180719.71,5103.21,7846.24
2025-04-13,ACC-006,USD,185347.33,1095.62,2505.86
2025-01-24,ACC-002,USD,168852.13,1101.76,2597.94
2025-04-05,ACC-002,USD,161168.81,0.0,0.0
06-28-2025,ACC-001,COP,2842695553.56,50856989.61,55693690.19
2025-04-30,ACC-003,COP,3499665515.09,54587641.71,158198745.39
06/07/2025,ACC-004,MXN,22697418.27,440149.58,969851.05
15/01/2025,ACC-001,COP,2865157469.24,115802293.72,122845532.4
31/01/2025,ACC-005,MXN,160036787.42,4916922.25,3865970.06
2025-06-15,ACC-001,COP,3196147458.82,155827512.93,89959038.25
07-26-2025,ACC-006,USD,150170.19,5378.94,3635.41
2025-03-01,ACC-001,cop,2510938597.54,125025763.63,16374251.37
19/06/2025,ACC-003,COP,2916570138.4,114966717.41,93453065.72
17/05/2025,ACC-003,COP,3346441128.35,0.0,55541697.08
08-29-2025,ACC-003,Colombian Peso,2973262271.86,78113257.83,100036944.0
04/06/2025,ACC-002,USD,148766.36,2445.53,7925.15
2025-01-23,ACC-002,US Dollar,170348.3,7758.97,12604.48
13/09/2025,ACC-004,MXN,20351369.25,326232.93,1810986.57
15/05/2025,ACC-006,USD,158415.03,9309.92,4851.62
2025-03-01,ACC-002,USD,170150.64,5988.8,1044.79
2025-06-09,ACC-002,USD,144587.61,0.0,6865.59
2025-07-22,ACC-004,MXN,20518269.75,0.0,0.0
2025-03-21,ACC-001,COP,2424256729.37,41833770.35,5675090.15
2025-08-31,ACC-004,mxn,201223848.29999998,72374.42,0.0
2025-05-08,ACC-004,mxn,34951506.63,0.0,0.0
2025-01-25,ACC-004,MXN,73575877.54,1475086.72,
2025-07-29,ACC-003,COP,3120735039.13,113911919.27,
2025-03-22,ACC-004,MXN,33704910.69,1197980.44,517263.6
12/09/2025,ACC-001,COP,2207280773.77,36343775.56,99031947.06
2025-03-28,ACC-006,USD,191472.08,2633.47,677.39
2025-09-27,ACC-006,USD,149275.09,3731.36,0.0
2025-01-29,ACC-005,MXN,157980606.09,4761551.04,4904888.4
2025-05-17,ACC-001,COP,2333138294.7,23636350.4,160894995.45
25/02/2025,ACC-005,MXN,155260651.4,5235852.51,3233055.27
2025-05-19,ACC-005,Mexican Peso,138473137.48,2834228.06,4885200.34
2025-02-12,ACC-004,MXN,53782221.51,,5054029.6
2025-05-03,ACC-005,Mexican Peso,150826614.07,502174.0,0.0
2025-07-03,ACC-003,COP,2753514111.54,145757937.15,129081300.14
2025-02-19,ACC-004,MXN,55863680.83,2568239.86,0.0
06-09-2025,ACC-004,MXN,25948860.0,250797.05,205974.26
2025-08-15,ACC-002,USD,114138.76,7463.65,6603.72
2025-05-21,ACC-004,MXN,29220656.22,411357.83,1974442.55
2025-09-23,ACC-003,COP,2944529658.64,96493933.79,86499108.05
2025-05-10,ACC-001,COP,2556264304.79,21933180.89,0.0
2025-03-09,ACC-002,US Dollar,169485.95,4823.91,3323.94
27/06/2025,ACC-001,COP,2848352103.9324183,158494708.65,105702520.44
2025-03-10,ACC-003,COP,3987658582.31,47315304.59,37800972.0
2025-03-10,ACC-005,MXN,164455075.33,8886795.84,3907145.13
07-15-2025,ACC-001,COP,2621862104.28,0.0,90480605.49
2025-06-20,ACC-005,MXN,136420280.27,4842073.65,4700121.8
2025-08-01,ACC-005,MXN,122002821.1,4252785.41,5155070.91
2025-07-02,ACC-002,usd,,2294.9,9569.49
2025-04-10,ACC-004,MXN,34427496.29,1502133.95,815695.0
2025-02-14,ACC-003,COP,3929908984.33,,111745910.61
2025-04-14,ACC-001,COP,2423994439.35,21461604.0,3680721.09
2025-07-02,ACC-006,USD,130986.21,3381.35,4226.79
2025-07-17,ACC-006,USD,146336.25,8057.08,2104.84
2025-06-29,ACC-003,COP,2875578931.43,0.0,70736334.63
16/03/2025,ACC-004,MXN,40346341.22,0.0,4338300.94
2025-08-25,ACC-003,COP,3053088124.83,74140790.66,86902444.17
09/02/2025,ACC-004,MXN,55812810.27,0.0,1075704.66
2025-03-26,ACC-004,Mexican Peso,,1374491.68,2198867.96
2025-08-16,ACC-001,COP,2434872506.25,33544816.05,41043473.03
07-28-2025,ACC-006,USD,147564.63,2980.02,4425.84
2025-09-03,ACC-005,mxn,106563557.45,2056944.55,1378824.82
2025-08-08,ACC-005,MXN,111562267.33,1251252.3,4882223.42
2025-05-07,ACC-001,COP,2559403128.26,175809086.14,17597306.18
16/05/2025,ACC-002,usd,147406.15,3805.43,2996.76
2025-08-24,ACC-003,COP,3065849778.34,0.0,17130812.28
2025-01-12,ACC-004,mxn,68953314.1,0.0,2297984.07
06-21-2025,ACC-003,COP,2878765368.48,46292536.16,78036167.85
08-02-2025,ACC-006,USD,146141.37,1672.9,2797.07
2025-09-08,ACC-004,Mexican Peso,21449294.13,987541.5,705428.27
25/03/2025,ACC-005,Mexican Peso,158697844.1,1288804.43,
2025-02-03,ACC-002,US Dollar,175757.61,7920.5,7168.58
2025-09-25,ACC-001,COP,2272868023.36,0.0,
2025-01-06,ACC-003,COP,4028987295.19,97638869.82,130318822.18
2025-08-01,ACC-001,COP,2521994265.78,,59031316.13
2025-03-28,ACC-004,MXN,33792260.49,1271997.46,764792.81
2025-05-23,ACC-005,MXN,133421166.63,5198974.5,7900024.78
04-17-2025,ACC-004,mxn,29759247.28,0.0,1383956.92
2025-05-16,ACC-003,COP,3401982825.43,94414958.92,129304517.34
2025-07-29,ACC-005,MXN,126409612.22,5409574.39,5797623.14
2025-01-05,ACC-004,MXN,80151792.14,1905374.76,3698613.61
07-05-2025,ACC-005,MXN,139494400.27,3258544.28,2528558.62
2025-03-14,ACC-002,usd,183462.75,3910.67,4117.49
2025-01-10,ACC-003,COP,3977773521.85,158807022.71,177522439.95
2025-05-15,ACC-005,MXN,145330251.64,4425673.39,7450472.58
2025-06-06,ACC-004,MXN,27284524.51,119990.92,2069956.84
2025-05-31,ACC-005,MXN,135117747.95,0.0,0.0
2025-01-26,ACC-002,USD,161154.05,0.0,2917.31
2025-06-05,ACC-003,COP,3075566927.72,73324520.97,147317305.48
15/03/2025,ACC-001,Colombian Peso,2512858187.95,0.0,23538337.65
2025-03-07,ACC-003,cop,3960417527.63,152142934.66,106116099.26
2025-04-15,ACC-001,COP,2386178373.17,19503921.82,57319988.0
2025-04-16,ACC-003,COP,3872793995.49,122256468.66,106490463.48
2025-09-24,ACC-003,COP,2936883139.75877,87082149.63,96539311.29
2025-08-19,ACC-004,MXN,23154035.84,978879.57,1011197.75
2025-06-19,ACC-002,USD,139471.97,3909.39,4400.49
2025-07-29,ACC-004,MXN,21299129.68,4197.52,906664.02
02/04/2025,ACC-001,COP,2643177438.95,54310107.78,164242896.34
02/02/2025,ACC-005,MXN,159036186.43,161868.29,
2025-04-15,ACC-006,USD,182803.58,2259.66,7553.65
09/04/2025,ACC-004,MXN,33741057.34,1701812.34,2044302.74
2025-04-13,ACC-001,COP,2406213556.43,0.0,28195422.05
2025-08-27,ACC-001,COP,2717374692.27,146032463.66,8905840.64
2025-09-12,ACC-006,USD,149327.83,,3475.39
2025-05-13,ACC-004,Mexican Peso,32805323.25,0.0,1366962.69
2025-07-10,ACC-005,Mexican Peso,137828826.55,4802898.62,4978837.06
2025-05-09,ACC-004,MXN,33750133.44,1813803.67,3015176.87
2025-04-12,ACC-005,MXN,164209853.15,1404885.32,2917265.31
2025-01-06,ACC-001,COP,2619401324.43,136095932.88,134681824.51
2025-06-05,ACC-006,USD,128863.41,8113.28,3312.64
2025-06-05,ACC-004,MXN,29234490.42,0.0,593342.3
01-19-2025,ACC-001,COP,3044724302.69,27610553.96,0.0
2025-05-02,ACC-001,COP,2221093824.42,0.0,0.0
2025-05-02,ACC-003,COP,3532405677.23,103794777.23,57064538.27
2025-02-22,ACC-006,USD,237323.23,0.0,3474.84
2025-01-05,ACC-002,USD,180550.28,4718.65,4703.54
2025-06-13,ACC-002,US Dollar,137311.69,442.59,3345.68
2025-01-02,ACC-004,mxn,89938362.68,4823250.9,6138170.0
2025-08-09,ACC-005,MXN,109291863.86,732090.78,3002494.25
2025-09-13,ACC-005,mxn,108262393.05,2064338.64,2964840.34
2025-07-18,ACC-006,USD,150400.66,7306.16,3241.74
03/08/2025,ACC-006,USD,143622.22,161.9,2681.05
07-01-2025,ACC-001,COP,2910591437.47,152525957.82,15355315.89
2025-07-04,ACC-001,cop,2737457946.52,97733131.75,148058119.5
2025-05-17,ACC-002,usd,149519.49,2514.41,401.07
2025-02-25,ACC-004,MXN,55953457.79,1531890.4,1745389.57
2025-09-08,ACC-002,usd,98542.22,1119.96,5287.27
2025-07-13,ACC-004,MXN,,182987.89,0.0
2025-04-21,ACC-002,USD,154635.62,8417.34,6842.97
2025-02-13,ACC-006,USD,229156.68,6918.69,7146.09
2025-06-07,ACC-002,USD,151843.08,2656.18,1977.18
2025-03-20,ACC-001,cop,646843726.0330685,81316263.97,392965149.6504122
19/07/2025,ACC-004,MXN,20185572.68,593178.03,
09-18-2025,ACC-002,USD,79684.34831032537,2219.77,5035.43
2025-03-09,ACC-003,Colombian Peso,3978144249.72,0.0,0.0
2025-05-09,ACC-006,USD,150230.49,5679.8,5042.33
2025-03-27,ACC-006,usd,189600.5510804301,453.59,4220.79
2025-06-11,ACC-006,USD,127697.63,4530.75,2586.37
2025-09-05,ACC-004,MXN,21591028.72,945379.56,512529.85
2025-01-12,ACC-005,MXN,160007202.63,0.0,445455.5
2025-01-22,ACC-005,MXN,159738379.28,4972698.51,6121418.82
2025-02-19,ACC-005,MXN,157817683.04,6424762.61,5899936.1
2025-06-05,ACC-005,mxn,133847209.67,3406104.37,3711695.89
2025-06-22,ACC-006,USD,125923.2,1875.79,899.28
05-29-2025,ACC-004,MXN,30772469.14,373597.43,2035601.87
2025-01-20,ACC-003,COP,4010749558.93,132925477.88,87692353.83
2025-02-06,ACC-004,MXN,64987306.53,0.0,1059635.69
2025-05-31,ACC-003,COP,3122620640.28,73961504.43,0.0
10/09/2025,ACC-006,USD,146122.57,5273.4,3887.23
2025-09-17,ACC-006,USD,150068.38,9376.49,
16/06/2025,ACC-002,USD,139659.59,6143.88,4593.52
2025-08-09,ACC-002,USD,121277.65,2525.55,0.0
2025-05-16,ACC-001,COP,2472400664.124759,30398208.93,101434592.95
2025-06-23,ACC-006,USD,125600.45,4694.36,5017.11
02-07-2025,ACC-006,USD,,5378.41,16308.87
03-11-2025,ACC-001,COP,2584816054.79,211855221.56,277937584.37
2025-09-26,ACC-003,Colombian Peso,3023644033.01,171139437.45,41177482.59
2025-04-15,ACC-005,MXN,164828404.41,3555653.94,6700289.85
2025-01-12,ACC-001,COP,2877211972.92,118480201.55,24876446.79
2025-05-25,ACC-001,COP,2547513001.84,12028772.27,26161558.94
2025-04-18,ACC-004,MXN,30137813.53,1409393.46,1030827.2
2025-04-10,ACC-003,COP,3849046621.77,128977965.94,114340978.4
2025-06-26,ACC-001,Colombian Peso,2794740065.93,45621788.03,151848471.12
2025-07-04,ACC-004,MXN,23354118.2,134939.31,0.0
2025-06-20,ACC-002,usd,137178.8,4813.34,7106.51
2025-09-09,ACC-002,USD,99521.02,4333.03,3354.23
2025-08-03,ACC-002,USD,122279.58558919629,3663.53,1621.31
2025-07-14,ACC-004,MXN,20428778.14,1321740.53,1021954.3
2025-06-25,ACC-005,MXN,136538564.71,3359187.07,6871995.46
04/06/2025,ACC-005,mxn,134152801.2,4890801.19,4295378.12
2025-05-24,ACC-001,COP,2561645788.51,47416017.6,35987829.09
2025-08-02,ACC-003,COP,3073988067.64,0.0,38497285.86
2025-09-07,ACC-002,USD,102709.53,2882.44,2701.42
2025-04-11,ACC-004,MXN,32534489.03114819,0.0,1896166.18
2025-08-31,ACC-005,MXN,,2771667.06,1176470.16
2025-01-13,ACC-004,MXN,66636225.04,0.0,2317089.06
2025-06-08,ACC-002,USD,151453.2,2844.27,3234.15
2025-03-14,ACC-003,COP,3736095608.18,79719821.05,141428363.92
2025-08-11,ACC-004,MXN,22103721.04,461000.28,
2025-06-06,ACC-001,COP,2787184892.75,,116219735.04
2025-09-27,ACC-002,USD,72155.97,20.19,3123.72
21/04/2025,ACC-006,USD,168289.63,3279.23,6049.42
2025-07-30,ACC-005,MXN,123680295.81,2539434.72,5268751.13
2025-07-11,ACC-002,USD,140311.98,4490.88,2852.66
2025-02-06,ACC-003,COP,,129445163.53,104363056.06
2025-01-13,ACC-006,USD,226801.5,4837.83,6027.95
2025-09-13,ACC-001,Colombian Peso,2195434483.42,0.0,11846290.35
2025-06-19,ACC-004,MXN,25647824.87,545282.86,367234.72
2025-04-16,ACC-005,MXN,163077556.03,3130649.73,4881498.11
2025-07-16,ACC-004,MXN,19023537.34,929883.01,592232.68
2025-01-21,ACC-003,COP,4020664481.89,138383585.01,128468662.05
2025-07-28,ACC-001,COP,2566826004.2,148079542.24,168679895.78
2025-04-11,ACC-004,MXN,32531330.11,0.0,1896166.18
2025-08-20,ACC-005,MXN,104913610.0,4707306.17,3539237.81
2025-01-02,ACC-001,COP,2561627958.95,125757477.77,143173342.95
16/01/2025,ACC-006,USD,233823.26,2912.51,2916.05
2025-09-27,ACC-001,COP,2172487717.48,0.0,0.0
2025-09-23,ACC-001,COP,2447322203.22,50653100.36,20477943.12
2025-04-15,ACC-004,MXN,30571641.1,116121.09,787523.48
2025-08-19,ACC-001,COP,2615208787.21,96407318.56,28441959.34
2025-08-13,ACC-003,COP,2985069599.7551484,26627385.28,117466177.65
2025-02-09,ACC-005,mxn,,469309.83,1538150.12
09-13-2025,ACC-002,USD,93487.08871956522,0.0,821.85
02-24-2025,ACC-004,MXN,56166956.96,1810157.06,1862296.76
2025-09-14,ACC-004,MXN,4445848.055990842,13407.91,1097395.1606208961
2025-03-05,ACC-004,MXN,52250539.94,682674.5,2227929.76
19/05/2025,ACC-006,USD,159343.16,2940.76,4857.86
2025-05-09,ACC-002,USD,142972.44,7159.75,7628.86
2025-06-14,ACC-006,USD,128617.93,0.0,2210.26
2025-02-15,ACC-001,COP,2376433412.76,,24125818.36
11/06/2025,ACC-001,COP,3148683107.35,185082689.29,158515194.42
2025-07-01,ACC-004,MXN,22997719.67,706762.81,558395.1
2025-07-07,ACC-003,COP,2774206887.21,,84439758.36
2025-03-31,ACC-003,COP,4006017610.82,186108248.82,106716564.1
2025-01-19,ACC-002,USD,176929.72,6844.77,6674.25
2025-09-07,ACC-004,MXN,21167180.9,397563.41,775096.83
09-25-2025,ACC-006,USD,145059.14,3355.64,5933.06
2025-02-05,ACC-003,COP,3955368000.88,127185844.94,166275598.18
2025-02-10,ACC-004,Mexican Peso,54852943.8,0.0,959866.47
2025-09-17,ACC-005,MXN,104593997.37,1314851.61,3916940.3
2025-04-12,ACC-004,MXN,33068588.53,1582709.72,1045451.3
2025-06-24,ACC-005,Mexican Peso,140051373.1,5414553.21,
2025-08-17,ACC-001,COP,2531207954.635129,94731159.31,0.0
2025-05-03,ACC-004,MXN,8753007.92821169,718610.62,1751052.115053035
2025-01-21,ACC-005,mxn,160887099.59,3980970.45,4891366.1
2025-05-08,ACC-005,MXN,143302589.23,5916125.78,6559265.96
2025-09-05,ACC-001,COP,2169767793.05,50004744.73,124295432.94
2025-07-26,ACC-002,USD,129016.03,2721.72,0.0
2025-03-27,ACC-001,Colombian Peso,2627722878.85,36906197.37,116840285.55
07-19-2025,ACC-002,USD,124882.25,3844.46,3758.8
2025-08-14,ACC-001,COP,,66533087.64,101385811.9
2025-08-23,ACC-003,COP,3082980590.61,53948071.78,51616555.78
2025-03-03,ACC-002,US Dollar,165814.17,2008.25,4226.55
2025-08-22,ACC-001,COP,2418645553.9,58192431.36,206458719.21
18/02/2025,ACC-003,COP,3970934893.45,89868619.44,134465174.09
2025-07-25,ACC-002,US Dollar,126294.32,0.0,5404.3
2025-07-24,ACC-005,MXN,124239521.66,1516520.38,4674680.41
2025-03-01,ACC-003,COP,3872180712.86,101465606.76,
2025-06-01,ACC-002,US Dollar,148661.51,6753.98,1568.77
02/07/2025,ACC-001,COP,2787876203.46,78221487.79,200936721.8
28/06/2025,ACC-004,MXN,21712520.02,0.0,427709.26
2025-07-10,ACC-004,MXN,20846068.98,341232.53,249543.79
2025-01-07,ACC-006,USD,230674.18,,3388.95
23/04/2025,ACC-006,USD,162103.86,,7566.07
2025-02-19,ACC-001,COP,2409079109.4,93485967.04,21885871.21
23/07/2025,ACC-006,USD,152351.15,6257.28,5138.42
2025-08-08,ACC-004,MXN,23867192.16,281108.83,0.0
2025-09-17,ACC-002,USD,82438.58,2691.24,3400.28
2025-06-28,ACC-005,MXN,134103802.49,,3697905.14
2025-08-05,ACC-002,USD,120332.38,4188.3,5388.29
2025-09-23,ACC-006,USD,152387.34,3660.44,8597.47
2025-08-16,ACC-002,usd,112991.77,1119.17,2266.16
17/04/2025,ACC-001,COP,2539711256.65,77296006.98,49986145.65
2025-06-23,ACC-002,USD,138874.57,7391.06,3146.74
06-12-2025,ACC-006,USD,127090.47,3504.52,4111.68
04-17-2025,ACC-003,cop,3932226861.78,100902826.15,41469959.85
15/08/2025,ACC-004,MXN,23057044.63,0.0,570683.91
2025-07-06,ACC-003,COP,2736406411.42,29894732.06,24159775.58
2025-07-10,ACC-001,COP,2625306712.59,88681183.59,175585177.3
2025-01-13,ACC-002,USD,173317.02,8309.76,8099.36
2025-01-30,ACC-001,COP,2580658507.79,22642920.05,152340895.35
2025-06-19,ACC-001,COP,3258513163.09,189658252.7,
2025-07-11,ACC-004,MXN,20918293.57,896804.03,824579.44
2025-05-05,ACC-005,MXN,148590349.22,952249.23,4041168.18
2025-04-11,ACC-001,Colombian Peso,2470562817.14,97777746.36,170902880.77
2025-07-17,ACC-001,COP,2586488111.61,121515053.25,90610875.45
2025-08-14,ACC-002,USD,113278.83,5447.9,7076.64
2025-04-18,ACC-003,COP,3901247100.0,128097811.69,159077573.48
06-27-2025,ACC-004,MXN,22140229.29,0.0,1290957.81
2025-02-14,ACC-001,COP,2333733637.2,98172745.13,100847027.84
2025-06-20,ACC-003,COP,2910509000.17,81161550.89,87222689.11
04-14-2025,ACC-002,USD,164006.19,10566.87,6781.5
2025-05-19,ACC-003,COP,3389835293.37,89003595.69,91347823.2
2025-01-27,ACC-003,COP,,94038674.99,186184218.62
2025-02-07,ACC-004,MXN,62107955.5,0.0,2879351.03
2025-07-10,ACC-002,USD,138673.76,3249.32,2014.85
2025-03-29,ACC-006,USD,194105.72,2633.64,0.0
2025-03-17,ACC-005,MXN,166131739.97,6334884.49,5760127.34
2025-02-09,ACC-001,Colombian Peso,2419910526.64,65409235.45,11989438.38
2025-06-14,ACC-002,USD,135723.58,,
2025-06-13,ACC-004,MXN,25579840.84,,120587.11
2025-06-09,ACC-005,MXN,130998760.27,4887207.93,3793127.5
2025-07-17,ACC-004,MXN,19802125.65,1478253.73,699665.42
2025-05-29,ACC-006,USD,124259.59,1558.26,8806.47
2025-07-06,ACC-002,USD,128625.0,2906.6,
2025-09-18,ACC-001,COP,2239353152.66,12920384.1,22052261.13
2025-02-05,ACC-001,Colombian Peso,2536874427.61,0.0,9339051.83
01-18-2025,ACC-004,MXN,63077455.17,307985.15,0.0
2025-02-09,ACC-002,USD,153056.54,0.0,6680.79
2025-01-07,ACC-002,USD,172966.57,6451.65,13055.0
2025-04-07,ACC-003,COP,3963061753.15,105028227.45,142957502.7
25/04/2025,ACC-003,COP,3807607497.17,8681469.95,111545278.47
2025-03-24,ACC-003,COP,3892890182.96,156248582.97,126238401.84
04/02/2025,ACC-004,MXN,65137899.84,1734072.98,3917544.94
2025-05-04,ACC-002,US Dollar,149651.85,,1302.82
2025-04-18,ACC-001,COP,2450159074.56,55386461.54,144938643.63
2025-03-21,ACC-002,USD,42791.710285533954,2199.79,15140.59594560683
2025-09-12,ACC-002,USD,94264.12,,3959.53
2025-09-02,ACC-003,COP,,109053858.9,47159936.5
2025-02-17,ACC-001,COP,2354119885.22,0.0,0.0
07-23-2025,ACC-001,COP,2706504246.63,75172076.11,146497093.18
2025-01-22,ACC-001,COP,2863401318.66,39220114.47,110960182.05
2025-05-13,ACC-002,USD,145541.55,8099.3,7845.48
2025-01-28,ACC-005,MXN,158123943.44,3410551.62,5137443.12
2025-03-16,ACC-005,Mexican Peso,165556982.82,4085278.39,2527923.75
2025-03-31,ACC-006,US Dollar,189241.3,3386.68,7330.63
2025-06-29,ACC-004,MXN,22402813.78,1286520.76,596227.01
2025-07-21,ACC-003,COP,2923127081.61,91422994.89,103615110.34
2025-08-19,ACC-005,MXN,103745541.65,2407019.18,2616451.26
2025-03-09,ACC-005,Mexican Peso,159475424.62,3765585.62,3515280.47
2025-02-03,ACC-001,COP,2485973360.17,52861730.65,
2025-09-05,ACC-003,COP,2980067774.18,46264781.96,57968892.19
2025-07-10,ACC-006,USD,136847.49,3124.15,2087.13
2025-04-24,ACC-004,MXN,34441196.06,1034954.0,0.0
2025-08-22,ACC-004,MXN,22628445.71,608581.08,402725.66
2025-09-05,ACC-006,USD,150795.6,4347.2,7364.29
2025-06-13,ACC-005,MXN,132830863.73,4166394.12,5428008.18
09/02/2025,ACC-003,COP,3933862207.19,0.0,0.0
2025-07-31,ACC-002,USD,116481.34,1182.83,3542.1
2025-05-02,ACC-004,MXN,,2488939.91,2156999.59
2025-03-28,ACC-002,USD,178009.88,1693.24,5783.18
2025-06-18,ACC-005,MXN,139031071.43,3927730.98,1374959.52
2025-08-08,ACC-003,COP,3098269950.92,82019003.19,38658945.75
03/04/2025,ACC-001,COP,2564741177.95,107627306.79,186063567.79
2025-04-06,ACC-005,MXN,162823771.29,3016258.23,3097809.76
2025-03-07,ACC-006,USD,220427.96,3699.32,10619.45
2025-09-19,ACC-005,MXN,107479587.19,4231620.48,2658120.42
2025-05-03,ACC-006,USD,1518428.5,1530.71,2476.31
09-21-2025,ACC-003,COP,2935529500.9,50024700.49,
2025-07-25,ACC-003,COP,,72057956.23,96048219.78
2025-07-16,ACC-006,usd,140384.01,6041.49,2774.97
01-10-2025,ACC-002,USD,172415.68,889.25,2475.01
2025-09-15,ACC-006,usd,,6915.37,5958.82
2025-08-13,ACC-003,COP,2986381873.1,26627385.28,117466177.65
2025-03-06,ACC-003,COP,3914390692.24,203119840.38,134506488.24
2025-06-20,ACC-006,US Dollar,125579.12278756118,6029.97,3726.16
2025-01-24,ACC-006,USD,244219.24,10931.86,5969.95
2025-02-18,ACC-006,usd,235797.66,8963.76,6567.25
2025-05-11,ACC-002,USD,145680.12,0.0,0.0
2025-09-15,ACC-001,COP,2224037969.31,109686636.18,89512418.07
2025-05-15,ACC-004,mxn,30035226.42,0.0,1523853.75
01-17-2025,ACC-005,MXN,159410384.95,3229485.67,5224374.79
2025-05-20,ACC-005,MXN,139754395.54,5532748.67,4251490.61
2025-06-07,ACC-006,USD,,3419.78,548.43
2025-03-23,ACC-005,MXN,170402681.05,3946474.1,2178279.35
13/08/2025,ACC-002,USD,114907.58,2747.36,2563.41
2025-08-21,ACC-003,COP,3117355878.22,,91101998.5
2025-01-11,ACC-003,COP,3995116619.95,92686073.64,75342975.54
2025-05-17,ACC-006,USD,,1853.92,649.03
2025-07-21,ACC-001,COP,2729583463.31,134078012.35,58810268.45
2025-02-12,ACC-002,USD,156470.05,6058.86,3278.34
2025-01-21,ACC-002,usd,172848.76,0.0,1547.43
2025-05-14,ACC-005,MXN,148355050.82,7392706.34,3797263.88
12/08/2025,ACC-003,COP,,127704966.16,92150676.65
2025-02-26,ACC-005,MXN,154519874.0,5637940.8,6378718.2
2025-05-20,ACC-004,MXN,30783740.94,499713.36,0.0
2025-07-03,ACC-001,cop,2787782934.26,31810487.9,31903757.1
2025-04-07,ACC-005,MXN,,4824062.5,5532029.27
2025-09-27,ACC-005,MXN,109313393.57,1721383.63,451641.53
2025-09-16,ACC-004,MXN,4290099.405109662,734353.82,2692921.083281403
2025-04-29,ACC-006,USD,151320.14,556.69,8492.21
2025-08-09,ACC-004,MXN,22328455.23,0.0,1538736.93
2025-09-08,ACC-001,COP,2181190026.83,138461348.75,117470838.67
01-14-2025,ACC-004,MXN,63926715.53,1760857.91,4470367.42
2025-01-20,ACC-005,MXN,161797495.25,4487946.04,3846157.55
2025-07-06,ACC-006,USD,133706.38,0.0,3338.48
2025-05-11,ACC-004,Mexican Peso,34825178.72,,1974394.53
2025-05-02,ACC-002,USD,149865.75,9727.54,7357.73
2025-04-17,ACC-006,USD,181206.3,5274.98,0.0
2025-01-13,ACC-005,MXN,156874521.43,2015285.93,5147967.14
2025-04-22,ACC-005,MXN,160829700.53,2388631.21,4368148.14
2025-04-05,ACC-004,mxn,33300785.71,452118.48,1426606.44
10/07/2025,ACC-003,Colombian Peso,2907302322.79,113526457.43,70912171.06
2025-01-15,ACC-003,COP,3895669053.73,167212307.46,156980207.2
2025-04-07,ACC-002,USD,164361.23,6650.02,4584.29
2025-03-17,ACC-002,USD,182111.58,,4887.5
2025-09-16,ACC-006,USD,147634.79,1575.51,7707.39
2025-09-23,ACC-002,USD,77743.32,1993.56,742.56
2025-03-14,ACC-006,USD,227183.41,4533.93,3694.17
2025-05-10,ACC-005,MXN,145448768.1,2594568.54,
2025-01-23,ACC-006,USD,239257.34,10881.31,11868.41
09-05-2025,ACC-002,USD,99518.78923433286,1959.67,3222.72
2025-04-20,ACC-004,MXN,32267367.76,1721225.28,0.0
2025-07-31,ACC-001,COP,2561057900.46,38196105.36,0.0
2025-09-11,ACC-006,USD,146179.35,5435.08,5378.3
2025-08-21,ACC-002,USD,110242.83,3343.12,4315.62
2025-09-25,ACC-002,USD,77731.67,935.97,2912.19
2025-05-21,ACC-005,MXN,138774632.11,4290618.09,5270381.52
06-25-2025,ACC-001,COP,2900966749.03,115353598.0,156411566.24
